[0.066s] DEBUG:colcon:Command line arguments: ['/usr/bin/colcon', 'build', '--base-paths', 'ros2_ws/src', '--build-base', 'ros2_ws/build', '--install-base', 'ros2_ws/install', '--symlink-install']
[0.066s] DEBUG:colcon:Parsed command line arguments: Namespace(log_base=None, log_level=None, verb_name='build', build_base='/workspace/ros2_ws/build', install_base='/workspace/ros2_ws/install', merge_install=False, symlink_install=True, test_result_base=None, continue_on_error=False, executor='parallel', parallel_workers=11, event_handlers=None, ignore_user_meta=False, metas=['./colcon.meta'], base_paths=['ros2_ws/src'], packages_ignore=None, packages_ignore_regex=None, paths=None, packages_up_to=None, packages_up_to_regex=None, packages_above=None, packages_above_and_dependencies=None, packages_above_depth=None, packages_select_by_dep=None, packages_skip_by_dep=None, packages_skip_up_to=None, packages_select_build_failed=False, packages_skip_build_finished=False, packages_select_test_failures=False, packages_skip_test_passed=False, packages_select=None, packages_skip=None, packages_select_regex=None, packages_skip_regex=None, packages_start=None, packages_end=None, cmake_args=None, cmake_target=None, cmake_target_skip_unavailable=False, cmake_clean_cache=False, cmake_clean_first=False, cmake_force_configure=False, ament_cmake_args=None, catkin_cmake_args=None, catkin_skip_building_tests=False, mixin_files=None, mixin=None, verb_parser=<colcon_mixin.mixin.mixin_argument.MixinArgumentDecorator object at 0xffffa97897f0>, verb_extension=<colcon_core.verb.build.BuildVerb object at 0xffffa9789550>, main=<bound method BuildVerb.main of <colcon_core.verb.build.BuildVerb object at 0xffffa9789550>>, mixin_verb=('build',))
[0.090s] Level 1:colcon.colcon_core.package_discovery:discover_packages(colcon_meta) check parameters
[0.090s] INFO:colcon.colcon_metadata.package_discovery.colcon_meta:Using configuration from '/root/.colcon/metadata/default/Gazebo.meta'
[0.090s] INFO:colcon.colcon_metadata.package_discovery.colcon_meta:Using configuration from '/root/.colcon/metadata/default/fastdds.meta'
[0.090s] INFO:colcon.colcon_metadata.package_discovery.colcon_meta:Using configuration from '/root/.colcon/metadata/default/fastrtps.meta'
[0.091s] Level 1:colcon.colcon_core.package_discovery:discover_packages(recursive) check parameters
[0.091s] Level 1:colcon.colcon_core.package_discovery:discover_packages(ignore) check parameters
[0.091s] Level 1:colcon.colcon_core.package_discovery:discover_packages(path) check parameters
[0.091s] Level 1:colcon.colcon_core.package_discovery:discover_packages(recursive) discover
[0.091s] INFO:colcon.colcon_core.package_discovery:Crawling recursively for packages in '/workspace/ros2_ws/src'
[0.091s] Level 1:colcon.colcon_core.package_identification:_identify(ros2_ws/src) by extensions ['ignore', 'ignore_ament_install']
[0.091s] Level 1:colcon.colcon_core.package_identification:_identify(ros2_ws/src) by extension 'ignore'
[0.091s] Level 1:colcon.colcon_core.package_identification:_identify(ros2_ws/src) by extension 'ignore_ament_install'
[0.092s] Level 1:colcon.colcon_core.package_identification:_identify(ros2_ws/src) by extensions ['colcon_pkg']
[0.092s] Level 1:colcon.colcon_core.package_identification:_identify(ros2_ws/src) by extension 'colcon_pkg'
[0.092s] Level 1:colcon.colcon_core.package_identification:_identify(ros2_ws/src) by extensions ['colcon_meta']
[0.092s] Level 1:colcon.colcon_core.package_identification:_identify(ros2_ws/src) by extension 'colcon_meta'
[0.092s] Level 1:colcon.colcon_core.package_identification:_identify(ros2_ws/src) by extensions ['ros']
[0.092s] Level 1:colcon.colcon_core.package_identification:_identify(ros2_ws/src) by extension 'ros'
[0.107s] Level 1:colcon.colcon_core.package_identification:_identify(ros2_ws/src) by extensions ['cmake', 'python']
[0.107s] Level 1:colcon.colcon_core.package_identification:_identify(ros2_ws/src) by extension 'cmake'
[0.107s] Level 1:colcon.colcon_core.package_identification:_identify(ros2_ws/src) by extension 'python'
[0.107s] Level 1:colcon.colcon_core.package_identification:_identify(ros2_ws/src) by extensions ['python_setup_py']
[0.108s] Level 1:colcon.colcon_core.package_identification:_identify(ros2_ws/src) by extension 'python_setup_py'
[0.108s] Level 1:colcon.colcon_core.package_identification:_identify(ros2_ws/src/neuravac_base) by extensions ['ignore', 'ignore_ament_install']
[0.108s] Level 1:colcon.colcon_core.package_identification:_identify(ros2_ws/src/neuravac_base) by extension 'ignore'
[0.108s] Level 1:colcon.colcon_core.package_identification:_identify(ros2_ws/src/neuravac_base) by extension 'ignore_ament_install'
[0.108s] Level 1:colcon.colcon_core.package_identification:_identify(ros2_ws/src/neuravac_base) by extensions ['colcon_pkg']
[0.108s] Level 1:colcon.colcon_core.package_identification:_identify(ros2_ws/src/neuravac_base) by extension 'colcon_pkg'
[0.108s] Level 1:colcon.colcon_core.package_identification:_identify(ros2_ws/src/neuravac_base) by extensions ['colcon_meta']
[0.108s] Level 1:colcon.colcon_core.package_identification:_identify(ros2_ws/src/neuravac_base) by extension 'colcon_meta'
[0.108s] Level 1:colcon.colcon_core.package_identification:_identify(ros2_ws/src/neuravac_base) by extensions ['ros']
[0.108s] Level 1:colcon.colcon_core.package_identification:_identify(ros2_ws/src/neuravac_base) by extension 'ros'
[0.112s] DEBUG:colcon.colcon_core.package_identification:Package 'ros2_ws/src/neuravac_base' with type 'ros.ament_python' and name 'neuravac_base'
[0.112s] Level 1:colcon.colcon_core.package_identification:_identify(ros2_ws/src/neuravac_bringup) by extensions ['ignore', 'ignore_ament_install']
[0.112s] Level 1:colcon.colcon_core.package_identification:_identify(ros2_ws/src/neuravac_bringup) by extension 'ignore'
[0.112s] Level 1:colcon.colcon_core.package_identification:_identify(ros2_ws/src/neuravac_bringup) by extension 'ignore_ament_install'
[0.113s] Level 1:colcon.colcon_core.package_identification:_identify(ros2_ws/src/neuravac_bringup) by extensions ['colcon_pkg']
[0.113s] Level 1:colcon.colcon_core.package_identification:_identify(ros2_ws/src/neuravac_bringup) by extension 'colcon_pkg'
[0.113s] Level 1:colcon.colcon_core.package_identification:_identify(ros2_ws/src/neuravac_bringup) by extensions ['colcon_meta']
[0.113s] Level 1:colcon.colcon_core.package_identification:_identify(ros2_ws/src/neuravac_bringup) by extension 'colcon_meta'
[0.113s] Level 1:colcon.colcon_core.package_identification:_identify(ros2_ws/src/neuravac_bringup) by extensions ['ros']
[0.113s] Level 1:colcon.colcon_core.package_identification:_identify(ros2_ws/src/neuravac_bringup) by extension 'ros'
[0.114s] DEBUG:colcon.colcon_core.package_identification:Package 'ros2_ws/src/neuravac_bringup' with type 'ros.ament_python' and name 'neuravac_bringup'
[0.114s] Level 1:colcon.colcon_core.package_identification:_identify(ros2_ws/src/neuravac_cleaning) by extensions ['ignore', 'ignore_ament_install']
[0.114s] Level 1:colcon.colcon_core.package_identification:_identify(ros2_ws/src/neuravac_cleaning) by extension 'ignore'
[0.114s] Level 1:colcon.colcon_core.package_identification:_identify(ros2_ws/src/neuravac_cleaning) by extension 'ignore_ament_install'
[0.114s] Level 1:colcon.colcon_core.package_identification:_identify(ros2_ws/src/neuravac_cleaning) by extensions ['colcon_pkg']
[0.114s] Level 1:colcon.colcon_core.package_identification:_identify(ros2_ws/src/neuravac_cleaning) by extension 'colcon_pkg'
[0.114s] Level 1:colcon.colcon_core.package_identification:_identify(ros2_ws/src/neuravac_cleaning) by extensions ['colcon_meta']
[0.114s] Level 1:colcon.colcon_core.package_identification:_identify(ros2_ws/src/neuravac_cleaning) by extension 'colcon_meta'
[0.114s] Level 1:colcon.colcon_core.package_identification:_identify(ros2_ws/src/neuravac_cleaning) by extensions ['ros']
[0.114s] Level 1:colcon.colcon_core.package_identification:_identify(ros2_ws/src/neuravac_cleaning) by extension 'ros'
[0.115s] DEBUG:colcon.colcon_core.package_identification:Package 'ros2_ws/src/neuravac_cleaning' with type 'ros.ament_python' and name 'neuravac_cleaning'
[0.115s] Level 1:colcon.colcon_core.package_identification:_identify(ros2_ws/src/neuravac_cloud) by extensions ['ignore', 'ignore_ament_install']
[0.115s] Level 1:colcon.colcon_core.package_identification:_identify(ros2_ws/src/neuravac_cloud) by extension 'ignore'
[0.115s] Level 1:colcon.colcon_core.package_identification:_identify(ros2_ws/src/neuravac_cloud) by extension 'ignore_ament_install'
[0.115s] Level 1:colcon.colcon_core.package_identification:_identify(ros2_ws/src/neuravac_cloud) by extensions ['colcon_pkg']
[0.115s] Level 1:colcon.colcon_core.package_identification:_identify(ros2_ws/src/neuravac_cloud) by extension 'colcon_pkg'
[0.115s] Level 1:colcon.colcon_core.package_identification:_identify(ros2_ws/src/neuravac_cloud) by extensions ['colcon_meta']
[0.116s] Level 1:colcon.colcon_core.package_identification:_identify(ros2_ws/src/neuravac_cloud) by extension 'colcon_meta'
[0.116s] Level 1:colcon.colcon_core.package_identification:_identify(ros2_ws/src/neuravac_cloud) by extensions ['ros']
[0.116s] Level 1:colcon.colcon_core.package_identification:_identify(ros2_ws/src/neuravac_cloud) by extension 'ros'
[0.116s] DEBUG:colcon.colcon_core.package_identification:Package 'ros2_ws/src/neuravac_cloud' with type 'ros.ament_python' and name 'neuravac_cloud'
[0.116s] Level 1:colcon.colcon_core.package_identification:_identify(ros2_ws/src/neuravac_dashboard) by extensions ['ignore', 'ignore_ament_install']
[0.116s] Level 1:colcon.colcon_core.package_identification:_identify(ros2_ws/src/neuravac_dashboard) by extension 'ignore'
[0.116s] Level 1:colcon.colcon_core.package_identification:_identify(ros2_ws/src/neuravac_dashboard) by extension 'ignore_ament_install'
[0.116s] Level 1:colcon.colcon_core.package_identification:_identify(ros2_ws/src/neuravac_dashboard) by extensions ['colcon_pkg']
[0.116s] Level 1:colcon.colcon_core.package_identification:_identify(ros2_ws/src/neuravac_dashboard) by extension 'colcon_pkg'
[0.117s] Level 1:colcon.colcon_core.package_identification:_identify(ros2_ws/src/neuravac_dashboard) by extensions ['colcon_meta']
[0.117s] Level 1:colcon.colcon_core.package_identification:_identify(ros2_ws/src/neuravac_dashboard) by extension 'colcon_meta'
[0.117s] Level 1:colcon.colcon_core.package_identification:_identify(ros2_ws/src/neuravac_dashboard) by extensions ['ros']
[0.117s] Level 1:colcon.colcon_core.package_identification:_identify(ros2_ws/src/neuravac_dashboard) by extension 'ros'
[0.117s] DEBUG:colcon.colcon_core.package_identification:Package 'ros2_ws/src/neuravac_dashboard' with type 'ros.ament_python' and name 'neuravac_dashboard'
[0.117s] Level 1:colcon.colcon_core.package_identification:_identify(ros2_ws/src/neuravac_perception) by extensions ['ignore', 'ignore_ament_install']
[0.117s] Level 1:colcon.colcon_core.package_identification:_identify(ros2_ws/src/neuravac_perception) by extension 'ignore'
[0.117s] Level 1:colcon.colcon_core.package_identification:_identify(ros2_ws/src/neuravac_perception) by extension 'ignore_ament_install'
[0.117s] Level 1:colcon.colcon_core.package_identification:_identify(ros2_ws/src/neuravac_perception) by extensions ['colcon_pkg']
[0.117s] Level 1:colcon.colcon_core.package_identification:_identify(ros2_ws/src/neuravac_perception) by extension 'colcon_pkg'
[0.117s] Level 1:colcon.colcon_core.package_identification:_identify(ros2_ws/src/neuravac_perception) by extensions ['colcon_meta']
[0.117s] Level 1:colcon.colcon_core.package_identification:_identify(ros2_ws/src/neuravac_perception) by extension 'colcon_meta'
[0.117s] Level 1:colcon.colcon_core.package_identification:_identify(ros2_ws/src/neuravac_perception) by extensions ['ros']
[0.117s] Level 1:colcon.colcon_core.package_identification:_identify(ros2_ws/src/neuravac_perception) by extension 'ros'
[0.118s] DEBUG:colcon.colcon_core.package_identification:Package 'ros2_ws/src/neuravac_perception' with type 'ros.ament_python' and name 'neuravac_perception'
[0.118s] Level 1:colcon.colcon_core.package_identification:_identify(ros2_ws/src/neuravac_planner) by extensions ['ignore', 'ignore_ament_install']
[0.118s] Level 1:colcon.colcon_core.package_identification:_identify(ros2_ws/src/neuravac_planner) by extension 'ignore'
[0.118s] Level 1:colcon.colcon_core.package_identification:_identify(ros2_ws/src/neuravac_planner) by extension 'ignore_ament_install'
[0.118s] Level 1:colcon.colcon_core.package_identification:_identify(ros2_ws/src/neuravac_planner) by extensions ['colcon_pkg']
[0.118s] Level 1:colcon.colcon_core.package_identification:_identify(ros2_ws/src/neuravac_planner) by extension 'colcon_pkg'
[0.118s] Level 1:colcon.colcon_core.package_identification:_identify(ros2_ws/src/neuravac_planner) by extensions ['colcon_meta']
[0.118s] Level 1:colcon.colcon_core.package_identification:_identify(ros2_ws/src/neuravac_planner) by extension 'colcon_meta'
[0.118s] Level 1:colcon.colcon_core.package_identification:_identify(ros2_ws/src/neuravac_planner) by extensions ['ros']
[0.118s] Level 1:colcon.colcon_core.package_identification:_identify(ros2_ws/src/neuravac_planner) by extension 'ros'
[0.119s] DEBUG:colcon.colcon_core.package_identification:Package 'ros2_ws/src/neuravac_planner' with type 'ros.ament_python' and name 'neuravac_planner'
[0.119s] Level 1:colcon.colcon_core.package_identification:_identify(ros2_ws/src/neuravac_safety) by extensions ['ignore', 'ignore_ament_install']
[0.119s] Level 1:colcon.colcon_core.package_identification:_identify(ros2_ws/src/neuravac_safety) by extension 'ignore'
[0.119s] Level 1:colcon.colcon_core.package_identification:_identify(ros2_ws/src/neuravac_safety) by extension 'ignore_ament_install'
[0.119s] Level 1:colcon.colcon_core.package_identification:_identify(ros2_ws/src/neuravac_safety) by extensions ['colcon_pkg']
[0.119s] Level 1:colcon.colcon_core.package_identification:_identify(ros2_ws/src/neuravac_safety) by extension 'colcon_pkg'
[0.119s] Level 1:colcon.colcon_core.package_identification:_identify(ros2_ws/src/neuravac_safety) by extensions ['colcon_meta']
[0.119s] Level 1:colcon.colcon_core.package_identification:_identify(ros2_ws/src/neuravac_safety) by extension 'colcon_meta'
[0.119s] Level 1:colcon.colcon_core.package_identification:_identify(ros2_ws/src/neuravac_safety) by extensions ['ros']
[0.119s] Level 1:colcon.colcon_core.package_identification:_identify(ros2_ws/src/neuravac_safety) by extension 'ros'
[0.120s] DEBUG:colcon.colcon_core.package_identification:Package 'ros2_ws/src/neuravac_safety' with type 'ros.ament_python' and name 'neuravac_safety'
[0.120s] Level 1:colcon.colcon_core.package_identification:_identify(ros2_ws/src/neuravac_semantic_map) by extensions ['ignore', 'ignore_ament_install']
[0.120s] Level 1:colcon.colcon_core.package_identification:_identify(ros2_ws/src/neuravac_semantic_map) by extension 'ignore'
[0.120s] Level 1:colcon.colcon_core.package_identification:_identify(ros2_ws/src/neuravac_semantic_map) by extension 'ignore_ament_install'
[0.120s] Level 1:colcon.colcon_core.package_identification:_identify(ros2_ws/src/neuravac_semantic_map) by extensions ['colcon_pkg']
[0.120s] Level 1:colcon.colcon_core.package_identification:_identify(ros2_ws/src/neuravac_semantic_map) by extension 'colcon_pkg'
[0.120s] Level 1:colcon.colcon_core.package_identification:_identify(ros2_ws/src/neuravac_semantic_map) by extensions ['colcon_meta']
[0.120s] Level 1:colcon.colcon_core.package_identification:_identify(ros2_ws/src/neuravac_semantic_map) by extension 'colcon_meta'
[0.120s] Level 1:colcon.colcon_core.package_identification:_identify(ros2_ws/src/neuravac_semantic_map) by extensions ['ros']
[0.120s] Level 1:colcon.colcon_core.package_identification:_identify(ros2_ws/src/neuravac_semantic_map) by extension 'ros'
[0.121s] DEBUG:colcon.colcon_core.package_identification:Package 'ros2_ws/src/neuravac_semantic_map' with type 'ros.ament_python' and name 'neuravac_semantic_map'
[0.121s] Level 1:colcon.colcon_core.package_identification:_identify(ros2_ws/src/neuravac_world_model) by extensions ['ignore', 'ignore_ament_install']
[0.121s] Level 1:colcon.colcon_core.package_identification:_identify(ros2_ws/src/neuravac_world_model) by extension 'ignore'
[0.121s] Level 1:colcon.colcon_core.package_identification:_identify(ros2_ws/src/neuravac_world_model) by extension 'ignore_ament_install'
[0.121s] Level 1:colcon.colcon_core.package_identification:_identify(ros2_ws/src/neuravac_world_model) by extensions ['colcon_pkg']
[0.121s] Level 1:colcon.colcon_core.package_identification:_identify(ros2_ws/src/neuravac_world_model) by extension 'colcon_pkg'
[0.122s] Level 1:colcon.colcon_core.package_identification:_identify(ros2_ws/src/neuravac_world_model) by extensions ['colcon_meta']
[0.122s] Level 1:colcon.colcon_core.package_identification:_identify(ros2_ws/src/neuravac_world_model) by extension 'colcon_meta'
[0.122s] Level 1:colcon.colcon_core.package_identification:_identify(ros2_ws/src/neuravac_world_model) by extensions ['ros']
[0.122s] Level 1:colcon.colcon_core.package_identification:_identify(ros2_ws/src/neuravac_world_model) by extension 'ros'
[0.122s] DEBUG:colcon.colcon_core.package_identification:Package 'ros2_ws/src/neuravac_world_model' with type 'ros.ament_python' and name 'neuravac_world_model'
[0.122s] Level 1:colcon.colcon_core.package_discovery:discover_packages(recursive) using defaults
[0.137s] Level 5:colcon.colcon_core.verb:set package 'neuravac_base' build argument 'cmake_args' from command line to 'None'
[0.137s] Level 5:colcon.colcon_core.verb:set package 'neuravac_base' build argument 'cmake_target' from command line to 'None'
[0.137s] Level 5:colcon.colcon_core.verb:set package 'neuravac_base' build argument 'cmake_target_skip_unavailable' from command line to 'False'
[0.137s] Level 5:colcon.colcon_core.verb:set package 'neuravac_base' build argument 'cmake_clean_cache' from command line to 'False'
[0.137s] Level 5:colcon.colcon_core.verb:set package 'neuravac_base' build argument 'cmake_clean_first' from command line to 'False'
[0.137s] Level 5:colcon.colcon_core.verb:set package 'neuravac_base' build argument 'cmake_force_configure' from command line to 'False'
[0.137s] Level 5:colcon.colcon_core.verb:set package 'neuravac_base' build argument 'ament_cmake_args' from command line to 'None'
[0.137s] Level 5:colcon.colcon_core.verb:set package 'neuravac_base' build argument 'catkin_cmake_args' from command line to 'None'
[0.137s] Level 5:colcon.colcon_core.verb:set package 'neuravac_base' build argument 'catkin_skip_building_tests' from command line to 'False'
[0.137s] DEBUG:colcon.colcon_core.verb:Building package 'neuravac_base' with the following arguments: {'ament_cmake_args': None, 'build_base': '/workspace/ros2_ws/build/neuravac_base', 'catkin_cmake_args': None, 'catkin_skip_building_tests': False, 'cmake_args': None, 'cmake_clean_cache': False, 'cmake_clean_first': False, 'cmake_force_configure': False, 'cmake_target': None, 'cmake_target_skip_unavailable': False, 'install_base': '/workspace/ros2_ws/install/neuravac_base', 'merge_install': False, 'path': '/workspace/ros2_ws/src/neuravac_base', 'symlink_install': True, 'test_result_base': None}
[0.137s] Level 5:colcon.colcon_core.verb:set package 'neuravac_cleaning' build argument 'cmake_args' from command line to 'None'
[0.137s] Level 5:colcon.colcon_core.verb:set package 'neuravac_cleaning' build argument 'cmake_target' from command line to 'None'
[0.137s] Level 5:colcon.colcon_core.verb:set package 'neuravac_cleaning' build argument 'cmake_target_skip_unavailable' from command line to 'False'
[0.137s] Level 5:colcon.colcon_core.verb:set package 'neuravac_cleaning' build argument 'cmake_clean_cache' from command line to 'False'
[0.137s] Level 5:colcon.colcon_core.verb:set package 'neuravac_cleaning' build argument 'cmake_clean_first' from command line to 'False'
[0.137s] Level 5:colcon.colcon_core.verb:set package 'neuravac_cleaning' build argument 'cmake_force_configure' from command line to 'False'
[0.137s] Level 5:colcon.colcon_core.verb:set package 'neuravac_cleaning' build argument 'ament_cmake_args' from command line to 'None'
[0.137s] Level 5:colcon.colcon_core.verb:set package 'neuravac_cleaning' build argument 'catkin_cmake_args' from command line to 'None'
[0.137s] Level 5:colcon.colcon_core.verb:set package 'neuravac_cleaning' build argument 'catkin_skip_building_tests' from command line to 'False'
[0.137s] DEBUG:colcon.colcon_core.verb:Building package 'neuravac_cleaning' with the following arguments: {'ament_cmake_args': None, 'build_base': '/workspace/ros2_ws/build/neuravac_cleaning', 'catkin_cmake_args': None, 'catkin_skip_building_tests': False, 'cmake_args': None, 'cmake_clean_cache': False, 'cmake_clean_first': False, 'cmake_force_configure': False, 'cmake_target': None, 'cmake_target_skip_unavailable': False, 'install_base': '/workspace/ros2_ws/install/neuravac_cleaning', 'merge_install': False, 'path': '/workspace/ros2_ws/src/neuravac_cleaning', 'symlink_install': True, 'test_result_base': None}
[0.137s] Level 5:colcon.colcon_core.verb:set package 'neuravac_cloud' build argument 'cmake_args' from command line to 'None'
[0.137s] Level 5:colcon.colcon_core.verb:set package 'neuravac_cloud' build argument 'cmake_target' from command line to 'None'
[0.137s] Level 5:colcon.colcon_core.verb:set package 'neuravac_cloud' build argument 'cmake_target_skip_unavailable' from command line to 'False'
[0.137s] Level 5:colcon.colcon_core.verb:set package 'neuravac_cloud' build argument 'cmake_clean_cache' from command line to 'False'
[0.137s] Level 5:colcon.colcon_core.verb:set package 'neuravac_cloud' build argument 'cmake_clean_first' from command line to 'False'
[0.138s] Level 5:colcon.colcon_core.verb:set package 'neuravac_cloud' build argument 'cmake_force_configure' from command line to 'False'
[0.138s] Level 5:colcon.colcon_core.verb:set package 'neuravac_cloud' build argument 'ament_cmake_args' from command line to 'None'
[0.138s] Level 5:colcon.colcon_core.verb:set package 'neuravac_cloud' build argument 'catkin_cmake_args' from command line to 'None'
[0.138s] Level 5:colcon.colcon_core.verb:set package 'neuravac_cloud' build argument 'catkin_skip_building_tests' from command line to 'False'
[0.138s] DEBUG:colcon.colcon_core.verb:Building package 'neuravac_cloud' with the following arguments: {'ament_cmake_args': None, 'build_base': '/workspace/ros2_ws/build/neuravac_cloud', 'catkin_cmake_args': None, 'catkin_skip_building_tests': False, 'cmake_args': None, 'cmake_clean_cache': False, 'cmake_clean_first': False, 'cmake_force_configure': False, 'cmake_target': None, 'cmake_target_skip_unavailable': False, 'install_base': '/workspace/ros2_ws/install/neuravac_cloud', 'merge_install': False, 'path': '/workspace/ros2_ws/src/neuravac_cloud', 'symlink_install': True, 'test_result_base': None}
[0.138s] Level 5:colcon.colcon_core.verb:set package 'neuravac_dashboard' build argument 'cmake_args' from command line to 'None'
[0.138s] Level 5:colcon.colcon_core.verb:set package 'neuravac_dashboard' build argument 'cmake_target' from command line to 'None'
[0.138s] Level 5:colcon.colcon_core.verb:set package 'neuravac_dashboard' build argument 'cmake_target_skip_unavailable' from command line to 'False'
[0.138s] Level 5:colcon.colcon_core.verb:set package 'neuravac_dashboard' build argument 'cmake_clean_cache' from command line to 'False'
[0.138s] Level 5:colcon.colcon_core.verb:set package 'neuravac_dashboard' build argument 'cmake_clean_first' from command line to 'False'
[0.138s] Level 5:colcon.colcon_core.verb:set package 'neuravac_dashboard' build argument 'cmake_force_configure' from command line to 'False'
[0.138s] Level 5:colcon.colcon_core.verb:set package 'neuravac_dashboard' build argument 'ament_cmake_args' from command line to 'None'
[0.138s] Level 5:colcon.colcon_core.verb:set package 'neuravac_dashboard' build argument 'catkin_cmake_args' from command line to 'None'
[0.138s] Level 5:colcon.colcon_core.verb:set package 'neuravac_dashboard' build argument 'catkin_skip_building_tests' from command line to 'False'
[0.138s] DEBUG:colcon.colcon_core.verb:Building package 'neuravac_dashboard' with the following arguments: {'ament_cmake_args': None, 'build_base': '/workspace/ros2_ws/build/neuravac_dashboard', 'catkin_cmake_args': None, 'catkin_skip_building_tests': False, 'cmake_args': None, 'cmake_clean_cache': False, 'cmake_clean_first': False, 'cmake_force_configure': False, 'cmake_target': None, 'cmake_target_skip_unavailable': False, 'install_base': '/workspace/ros2_ws/install/neuravac_dashboard', 'merge_install': False, 'path': '/workspace/ros2_ws/src/neuravac_dashboard', 'symlink_install': True, 'test_result_base': None}
[0.138s] Level 5:colcon.colcon_core.verb:set package 'neuravac_perception' build argument 'cmake_args' from command line to 'None'
[0.138s] Level 5:colcon.colcon_core.verb:set package 'neuravac_perception' build argument 'cmake_target' from command line to 'None'
[0.138s] Level 5:colcon.colcon_core.verb:set package 'neuravac_perception' build argument 'cmake_target_skip_unavailable' from command line to 'False'
[0.138s] Level 5:colcon.colcon_core.verb:set package 'neuravac_perception' build argument 'cmake_clean_cache' from command line to 'False'
[0.138s] Level 5:colcon.colcon_core.verb:set package 'neuravac_perception' build argument 'cmake_clean_first' from command line to 'False'
[0.138s] Level 5:colcon.colcon_core.verb:set package 'neuravac_perception' build argument 'cmake_force_configure' from command line to 'False'
[0.138s] Level 5:colcon.colcon_core.verb:set package 'neuravac_perception' build argument 'ament_cmake_args' from command line to 'None'
[0.138s] Level 5:colcon.colcon_core.verb:set package 'neuravac_perception' build argument 'catkin_cmake_args' from command line to 'None'
[0.138s] Level 5:colcon.colcon_core.verb:set package 'neuravac_perception' build argument 'catkin_skip_building_tests' from command line to 'False'
[0.138s] DEBUG:colcon.colcon_core.verb:Building package 'neuravac_perception' with the following arguments: {'ament_cmake_args': None, 'build_base': '/workspace/ros2_ws/build/neuravac_perception', 'catkin_cmake_args': None, 'catkin_skip_building_tests': False, 'cmake_args': None, 'cmake_clean_cache': False, 'cmake_clean_first': False, 'cmake_force_configure': False, 'cmake_target': None, 'cmake_target_skip_unavailable': False, 'install_base': '/workspace/ros2_ws/install/neuravac_perception', 'merge_install': False, 'path': '/workspace/ros2_ws/src/neuravac_perception', 'symlink_install': True, 'test_result_base': None}
[0.138s] Level 5:colcon.colcon_core.verb:set package 'neuravac_planner' build argument 'cmake_args' from command line to 'None'
[0.138s] Level 5:colcon.colcon_core.verb:set package 'neuravac_planner' build argument 'cmake_target' from command line to 'None'
[0.138s] Level 5:colcon.colcon_core.verb:set package 'neuravac_planner' build argument 'cmake_target_skip_unavailable' from command line to 'False'
[0.138s] Level 5:colcon.colcon_core.verb:set package 'neuravac_planner' build argument 'cmake_clean_cache' from command line to 'False'
[0.138s] Level 5:colcon.colcon_core.verb:set package 'neuravac_planner' build argument 'cmake_clean_first' from command line to 'False'
[0.138s] Level 5:colcon.colcon_core.verb:set package 'neuravac_planner' build argument 'cmake_force_configure' from command line to 'False'
[0.138s] Level 5:colcon.colcon_core.verb:set package 'neuravac_planner' build argument 'ament_cmake_args' from command line to 'None'
[0.139s] Level 5:colcon.colcon_core.verb:set package 'neuravac_planner' build argument 'catkin_cmake_args' from command line to 'None'
[0.139s] Level 5:colcon.colcon_core.verb:set package 'neuravac_planner' build argument 'catkin_skip_building_tests' from command line to 'False'
[0.139s] DEBUG:colcon.colcon_core.verb:Building package 'neuravac_planner' with the following arguments: {'ament_cmake_args': None, 'build_base': '/workspace/ros2_ws/build/neuravac_planner', 'catkin_cmake_args': None, 'catkin_skip_building_tests': False, 'cmake_args': None, 'cmake_clean_cache': False, 'cmake_clean_first': False, 'cmake_force_configure': False, 'cmake_target': None, 'cmake_target_skip_unavailable': False, 'install_base': '/workspace/ros2_ws/install/neuravac_planner', 'merge_install': False, 'path': '/workspace/ros2_ws/src/neuravac_planner', 'symlink_install': True, 'test_result_base': None}
[0.139s] Level 5:colcon.colcon_core.verb:set package 'neuravac_safety' build argument 'cmake_args' from command line to 'None'
[0.139s] Level 5:colcon.colcon_core.verb:set package 'neuravac_safety' build argument 'cmake_target' from command line to 'None'
[0.139s] Level 5:colcon.colcon_core.verb:set package 'neuravac_safety' build argument 'cmake_target_skip_unavailable' from command line to 'False'
[0.139s] Level 5:colcon.colcon_core.verb:set package 'neuravac_safety' build argument 'cmake_clean_cache' from command line to 'False'
[0.139s] Level 5:colcon.colcon_core.verb:set package 'neuravac_safety' build argument 'cmake_clean_first' from command line to 'False'
[0.139s] Level 5:colcon.colcon_core.verb:set package 'neuravac_safety' build argument 'cmake_force_configure' from command line to 'False'
[0.139s] Level 5:colcon.colcon_core.verb:set package 'neuravac_safety' build argument 'ament_cmake_args' from command line to 'None'
[0.139s] Level 5:colcon.colcon_core.verb:set package 'neuravac_safety' build argument 'catkin_cmake_args' from command line to 'None'
[0.139s] Level 5:colcon.colcon_core.verb:set package 'neuravac_safety' build argument 'catkin_skip_building_tests' from command line to 'False'
[0.139s] DEBUG:colcon.colcon_core.verb:Building package 'neuravac_safety' with the following arguments: {'ament_cmake_args': None, 'build_base': '/workspace/ros2_ws/build/neuravac_safety', 'catkin_cmake_args': None, 'catkin_skip_building_tests': False, 'cmake_args': None, 'cmake_clean_cache': False, 'cmake_clean_first': False, 'cmake_force_configure': False, 'cmake_target': None, 'cmake_target_skip_unavailable': False, 'install_base': '/workspace/ros2_ws/install/neuravac_safety', 'merge_install': False, 'path': '/workspace/ros2_ws/src/neuravac_safety', 'symlink_install': True, 'test_result_base': None}
[0.139s] Level 5:colcon.colcon_core.verb:set package 'neuravac_semantic_map' build argument 'cmake_args' from command line to 'None'
[0.139s] Level 5:colcon.colcon_core.verb:set package 'neuravac_semantic_map' build argument 'cmake_target' from command line to 'None'
[0.139s] Level 5:colcon.colcon_core.verb:set package 'neuravac_semantic_map' build argument 'cmake_target_skip_unavailable' from command line to 'False'
[0.139s] Level 5:colcon.colcon_core.verb:set package 'neuravac_semantic_map' build argument 'cmake_clean_cache' from command line to 'False'
[0.139s] Level 5:colcon.colcon_core.verb:set package 'neuravac_semantic_map' build argument 'cmake_clean_first' from command line to 'False'
[0.139s] Level 5:colcon.colcon_core.verb:set package 'neuravac_semantic_map' build argument 'cmake_force_configure' from command line to 'False'
[0.139s] Level 5:colcon.colcon_core.verb:set package 'neuravac_semantic_map' build argument 'ament_cmake_args' from command line to 'None'
[0.139s] Level 5:colcon.colcon_core.verb:set package 'neuravac_semantic_map' build argument 'catkin_cmake_args' from command line to 'None'
[0.139s] Level 5:colcon.colcon_core.verb:set package 'neuravac_semantic_map' build argument 'catkin_skip_building_tests' from command line to 'False'
[0.139s] DEBUG:colcon.colcon_core.verb:Building package 'neuravac_semantic_map' with the following arguments: {'ament_cmake_args': None, 'build_base': '/workspace/ros2_ws/build/neuravac_semantic_map', 'catkin_cmake_args': None, 'catkin_skip_building_tests': False, 'cmake_args': None, 'cmake_clean_cache': False, 'cmake_clean_first': False, 'cmake_force_configure': False, 'cmake_target': None, 'cmake_target_skip_unavailable': False, 'install_base': '/workspace/ros2_ws/install/neuravac_semantic_map', 'merge_install': False, 'path': '/workspace/ros2_ws/src/neuravac_semantic_map', 'symlink_install': True, 'test_result_base': None}
[0.139s] Level 5:colcon.colcon_core.verb:set package 'neuravac_world_model' build argument 'cmake_args' from command line to 'None'
[0.139s] Level 5:colcon.colcon_core.verb:set package 'neuravac_world_model' build argument 'cmake_target' from command line to 'None'
[0.139s] Level 5:colcon.colcon_core.verb:set package 'neuravac_world_model' build argument 'cmake_target_skip_unavailable' from command line to 'False'
[0.139s] Level 5:colcon.colcon_core.verb:set package 'neuravac_world_model' build argument 'cmake_clean_cache' from command line to 'False'
[0.139s] Level 5:colcon.colcon_core.verb:set package 'neuravac_world_model' build argument 'cmake_clean_first' from command line to 'False'
[0.139s] Level 5:colcon.colcon_core.verb:set package 'neuravac_world_model' build argument 'cmake_force_configure' from command line to 'False'
[0.139s] Level 5:colcon.colcon_core.verb:set package 'neuravac_world_model' build argument 'ament_cmake_args' from command line to 'None'
[0.139s] Level 5:colcon.colcon_core.verb:set package 'neuravac_world_model' build argument 'catkin_cmake_args' from command line to 'None'
[0.140s] Level 5:colcon.colcon_core.verb:set package 'neuravac_world_model' build argument 'catkin_skip_building_tests' from command line to 'False'
[0.140s] DEBUG:colcon.colcon_core.verb:Building package 'neuravac_world_model' with the following arguments: {'ament_cmake_args': None, 'build_base': '/workspace/ros2_ws/build/neuravac_world_model', 'catkin_cmake_args': None, 'catkin_skip_building_tests': False, 'cmake_args': None, 'cmake_clean_cache': False, 'cmake_clean_first': False, 'cmake_force_configure': False, 'cmake_target': None, 'cmake_target_skip_unavailable': False, 'install_base': '/workspace/ros2_ws/install/neuravac_world_model', 'merge_install': False, 'path': '/workspace/ros2_ws/src/neuravac_world_model', 'symlink_install': True, 'test_result_base': None}
[0.140s] Level 5:colcon.colcon_core.verb:set package 'neuravac_bringup' build argument 'cmake_args' from command line to 'None'
[0.140s] Level 5:colcon.colcon_core.verb:set package 'neuravac_bringup' build argument 'cmake_target' from command line to 'None'
[0.140s] Level 5:colcon.colcon_core.verb:set package 'neuravac_bringup' build argument 'cmake_target_skip_unavailable' from command line to 'False'
[0.140s] Level 5:colcon.colcon_core.verb:set package 'neuravac_bringup' build argument 'cmake_clean_cache' from command line to 'False'
[0.140s] Level 5:colcon.colcon_core.verb:set package 'neuravac_bringup' build argument 'cmake_clean_first' from command line to 'False'
[0.140s] Level 5:colcon.colcon_core.verb:set package 'neuravac_bringup' build argument 'cmake_force_configure' from command line to 'False'
[0.140s] Level 5:colcon.colcon_core.verb:set package 'neuravac_bringup' build argument 'ament_cmake_args' from command line to 'None'
[0.140s] Level 5:colcon.colcon_core.verb:set package 'neuravac_bringup' build argument 'catkin_cmake_args' from command line to 'None'
[0.140s] Level 5:colcon.colcon_core.verb:set package 'neuravac_bringup' build argument 'catkin_skip_building_tests' from command line to 'False'
[0.140s] DEBUG:colcon.colcon_core.verb:Building package 'neuravac_bringup' with the following arguments: {'ament_cmake_args': None, 'build_base': '/workspace/ros2_ws/build/neuravac_bringup', 'catkin_cmake_args': None, 'catkin_skip_building_tests': False, 'cmake_args': None, 'cmake_clean_cache': False, 'cmake_clean_first': False, 'cmake_force_configure': False, 'cmake_target': None, 'cmake_target_skip_unavailable': False, 'install_base': '/workspace/ros2_ws/install/neuravac_bringup', 'merge_install': False, 'path': '/workspace/ros2_ws/src/neuravac_bringup', 'symlink_install': True, 'test_result_base': None}
[0.140s] INFO:colcon.colcon_core.executor:Executing jobs using 'parallel' executor
[0.140s] DEBUG:colcon.colcon_parallel_executor.executor.parallel:run_until_complete
[0.141s] INFO:colcon.colcon_ros.task.ament_python.build:Building ROS package in '/workspace/ros2_ws/src/neuravac_base' with build type 'ament_python'
[0.141s] Level 1:colcon.colcon_core.shell:create_environment_hook('neuravac_base', 'ament_prefix_path')
[0.142s] INFO:colcon.colcon_core.plugin_system:Skipping extension 'colcon_core.shell.bat': Not used on non-Windows systems
[0.142s] INFO:colcon.colcon_core.shell:Creating environment hook '/workspace/ros2_ws/install/neuravac_base/share/neuravac_base/hook/ament_prefix_path.ps1'
[0.143s] INFO:colcon.colcon_core.shell:Creating environment descriptor '/workspace/ros2_ws/install/neuravac_base/share/neuravac_base/hook/ament_prefix_path.dsv'
[0.143s] INFO:colcon.colcon_core.shell:Creating environment hook '/workspace/ros2_ws/install/neuravac_base/share/neuravac_base/hook/ament_prefix_path.sh'
[0.144s] INFO:colcon.colcon_core.shell:Skip shell extension 'powershell' for command environment: Not usable outside of PowerShell
[0.144s] DEBUG:colcon.colcon_core.shell:Skip shell extension 'dsv' for command environment
[0.247s] INFO:colcon.colcon_core.task.python.build:Building Python package in '/workspace/ros2_ws/src/neuravac_base'
[0.247s] INFO:colcon.colcon_core.shell:Skip shell extension 'powershell' for command environment: Not usable outside of PowerShell
[0.247s] DEBUG:colcon.colcon_core.shell:Skip shell extension 'dsv' for command environment
[0.493s] DEBUG:colcon.colcon_core.task.python.build:Available setuptools commands: test, dist_info, build_ext, upload_docs, install_headers, setopt, bdist_wheel, install_lib, build_py, install_data, bdist_rpm, develop, editable_wheel, upload, bdist_egg, egg_info, bdist, rotate, bdist_dumb, clean, easy_install, check, register, alias, install_scripts, saveopts, install_egg_info, build, sdist, build_clib, install, build_scripts, symlink_data
[0.624s] DEBUG:colcon.colcon_core.task.python.build:Available setuptools 'develop' options: --find-links, --no-find-links, --uninstall, --local-snapshots-ok, --prefix, --help, --verbose, --always-copy, --install-dir, --zip-ok, --script-dir, --always-unzip, --dry-run, --allow-hosts, --record, --version, --multi-version, --upgrade, --editable, --quiet, --egg-path, --optimize, --user, --no-user-cfg, --install-layout, --exclude-scripts, --build-directory, --index-url, --site-dirs, --force-installation-into-system-dir, --no-deps
[0.627s] DEBUG:colcon.colcon_core.event_handler.log_command:Invoking command in '/workspace/ros2_ws/build/neuravac_base': PS1=(neuravac-ros) PYTHONPATH=/workspace/ros2_ws/build/neuravac_base/prefix_override:/usr/lib/python3/dist-packages/colcon_core/task/python/colcon_distutils_commands:/workspace/ros2_ws/install/neuravac_base/lib/python3.12/site-packages:${PYTHONPATH} VIRTUAL_ENV_PROMPT=(neuravac-ros) /tmp/neuravac-ros/bin/python -W ignore:setup.py install is deprecated -W ignore:easy_install command is deprecated setup.py develop --editable --build-directory /workspace/ros2_ws/build/neuravac_base/build --no-deps symlink_data
[0.851s] Level 1:colcon.colcon_core.shell:create_environment_hook('neuravac_base', 'pythonpath_develop')
[0.852s] INFO:colcon.colcon_core.shell:Creating environment hook '/workspace/ros2_ws/build/neuravac_base/share/neuravac_base/hook/pythonpath_develop.ps1'
[0.852s] DEBUG:colcon.colcon_core.event_handler.log_command:Invoked command in '/workspace/ros2_ws/build/neuravac_base' returned '0': PS1=(neuravac-ros) PYTHONPATH=/workspace/ros2_ws/build/neuravac_base/prefix_override:/usr/lib/python3/dist-packages/colcon_core/task/python/colcon_distutils_commands:/workspace/ros2_ws/install/neuravac_base/lib/python3.12/site-packages:${PYTHONPATH} VIRTUAL_ENV_PROMPT=(neuravac-ros) /tmp/neuravac-ros/bin/python -W ignore:setup.py install is deprecated -W ignore:easy_install command is deprecated setup.py develop --editable --build-directory /workspace/ros2_ws/build/neuravac_base/build --no-deps symlink_data
[0.852s] INFO:colcon.colcon_core.shell:Creating environment descriptor '/workspace/ros2_ws/build/neuravac_base/share/neuravac_base/hook/pythonpath_develop.dsv'
[0.853s] INFO:colcon.colcon_core.shell:Creating environment hook '/workspace/ros2_ws/build/neuravac_base/share/neuravac_base/hook/pythonpath_develop.sh'
[0.854s] Level 1:colcon.colcon_core.environment:checking '/workspace/ros2_ws/install/neuravac_base' for CMake module files
[0.855s] Level 1:colcon.colcon_core.environment:checking '/workspace/ros2_ws/install/neuravac_base' for CMake config files
[0.857s] Level 1:colcon.colcon_core.environment:checking '/workspace/ros2_ws/install/neuravac_base/lib'
[0.857s] Level 1:colcon.colcon_core.environment:checking '/workspace/ros2_ws/install/neuravac_base/bin'
[0.857s] Level 1:colcon.colcon_core.environment:checking '/workspace/ros2_ws/install/neuravac_base/lib/pkgconfig/neuravac_base.pc'
[0.858s] Level 1:colcon.colcon_core.environment:checking '/workspace/ros2_ws/install/neuravac_base/lib/python3.12/site-packages'
[0.858s] Level 1:colcon.colcon_core.shell:create_environment_hook('neuravac_base', 'pythonpath')
[0.858s] INFO:colcon.colcon_core.shell:Creating environment hook '/workspace/ros2_ws/install/neuravac_base/share/neuravac_base/hook/pythonpath.ps1'
[0.858s] INFO:colcon.colcon_core.shell:Creating environment descriptor '/workspace/ros2_ws/install/neuravac_base/share/neuravac_base/hook/pythonpath.dsv'
[0.858s] INFO:colcon.colcon_core.shell:Creating environment hook '/workspace/ros2_ws/install/neuravac_base/share/neuravac_base/hook/pythonpath.sh'
[0.859s] Level 1:colcon.colcon_core.environment:checking '/workspace/ros2_ws/install/neuravac_base/bin'
[0.859s] Level 1:colcon.colcon_core.environment:create_environment_scripts_only(neuravac_base)
[0.859s] INFO:colcon.colcon_core.shell:Creating package script '/workspace/ros2_ws/install/neuravac_base/share/neuravac_base/package.ps1'
[0.860s] INFO:colcon.colcon_core.shell:Creating package descriptor '/workspace/ros2_ws/install/neuravac_base/share/neuravac_base/package.dsv'
[0.860s] INFO:colcon.colcon_core.shell:Creating package script '/workspace/ros2_ws/install/neuravac_base/share/neuravac_base/package.sh'
[0.860s] INFO:colcon.colcon_core.shell:Creating package script '/workspace/ros2_ws/install/neuravac_base/share/neuravac_base/package.bash'
[0.861s] INFO:colcon.colcon_core.shell:Creating package script '/workspace/ros2_ws/install/neuravac_base/share/neuravac_base/package.zsh'
[0.862s] Level 1:colcon.colcon_core.environment:create_file_with_runtime_dependencies(/workspace/ros2_ws/install/neuravac_base/share/colcon-core/packages/neuravac_base)
[0.862s] INFO:colcon.colcon_ros.task.ament_python.build:Building ROS package in '/workspace/ros2_ws/src/neuravac_cleaning' with build type 'ament_python'
[0.862s] Level 1:colcon.colcon_core.shell:create_environment_hook('neuravac_cleaning', 'ament_prefix_path')
[0.862s] INFO:colcon.colcon_core.shell:Creating environment hook '/workspace/ros2_ws/install/neuravac_cleaning/share/neuravac_cleaning/hook/ament_prefix_path.ps1'
[0.863s] INFO:colcon.colcon_core.shell:Creating environment descriptor '/workspace/ros2_ws/install/neuravac_cleaning/share/neuravac_cleaning/hook/ament_prefix_path.dsv'
[0.863s] INFO:colcon.colcon_core.shell:Creating environment hook '/workspace/ros2_ws/install/neuravac_cleaning/share/neuravac_cleaning/hook/ament_prefix_path.sh'
[0.864s] INFO:colcon.colcon_core.shell:Skip shell extension 'powershell' for command environment: Not usable outside of PowerShell
[0.864s] DEBUG:colcon.colcon_core.shell:Skip shell extension 'dsv' for command environment
[0.865s] INFO:colcon.colcon_ros.task.ament_python.build:Building ROS package in '/workspace/ros2_ws/src/neuravac_cloud' with build type 'ament_python'
[0.866s] Level 1:colcon.colcon_core.shell:create_environment_hook('neuravac_cloud', 'ament_prefix_path')
[0.866s] INFO:colcon.colcon_core.shell:Creating environment hook '/workspace/ros2_ws/install/neuravac_cloud/share/neuravac_cloud/hook/ament_prefix_path.ps1'
[0.867s] INFO:colcon.colcon_core.shell:Creating environment descriptor '/workspace/ros2_ws/install/neuravac_cloud/share/neuravac_cloud/hook/ament_prefix_path.dsv'
[0.867s] INFO:colcon.colcon_core.shell:Creating environment hook '/workspace/ros2_ws/install/neuravac_cloud/share/neuravac_cloud/hook/ament_prefix_path.sh'
[0.868s] INFO:colcon.colcon_core.shell:Skip shell extension 'powershell' for command environment: Not usable outside of PowerShell
[0.868s] DEBUG:colcon.colcon_core.shell:Skip shell extension 'dsv' for command environment
[0.869s] INFO:colcon.colcon_ros.task.ament_python.build:Building ROS package in '/workspace/ros2_ws/src/neuravac_dashboard' with build type 'ament_python'
[0.869s] Level 1:colcon.colcon_core.shell:create_environment_hook('neuravac_dashboard', 'ament_prefix_path')
[0.869s] INFO:colcon.colcon_core.shell:Creating environment hook '/workspace/ros2_ws/install/neuravac_dashboard/share/neuravac_dashboard/hook/ament_prefix_path.ps1'
[0.870s] INFO:colcon.colcon_core.shell:Creating environment descriptor '/workspace/ros2_ws/install/neuravac_dashboard/share/neuravac_dashboard/hook/ament_prefix_path.dsv'
[0.870s] INFO:colcon.colcon_core.shell:Creating environment hook '/workspace/ros2_ws/install/neuravac_dashboard/share/neuravac_dashboard/hook/ament_prefix_path.sh'
[0.871s] INFO:colcon.colcon_core.shell:Skip shell extension 'powershell' for command environment: Not usable outside of PowerShell
[0.871s] DEBUG:colcon.colcon_core.shell:Skip shell extension 'dsv' for command environment
[0.872s] INFO:colcon.colcon_ros.task.ament_python.build:Building ROS package in '/workspace/ros2_ws/src/neuravac_perception' with build type 'ament_python'
[0.873s] Level 1:colcon.colcon_core.shell:create_environment_hook('neuravac_perception', 'ament_prefix_path')
[0.873s] INFO:colcon.colcon_core.shell:Creating environment hook '/workspace/ros2_ws/install/neuravac_perception/share/neuravac_perception/hook/ament_prefix_path.ps1'
[0.873s] INFO:colcon.colcon_core.shell:Creating environment descriptor '/workspace/ros2_ws/install/neuravac_perception/share/neuravac_perception/hook/ament_prefix_path.dsv'
[0.874s] INFO:colcon.colcon_core.shell:Creating environment hook '/workspace/ros2_ws/install/neuravac_perception/share/neuravac_perception/hook/ament_prefix_path.sh'
[0.875s] INFO:colcon.colcon_core.shell:Skip shell extension 'powershell' for command environment: Not usable outside of PowerShell
[0.875s] DEBUG:colcon.colcon_core.shell:Skip shell extension 'dsv' for command environment
[0.876s] INFO:colcon.colcon_ros.task.ament_python.build:Building ROS package in '/workspace/ros2_ws/src/neuravac_planner' with build type 'ament_python'
[0.876s] Level 1:colcon.colcon_core.shell:create_environment_hook('neuravac_planner', 'ament_prefix_path')
[0.876s] INFO:colcon.colcon_core.shell:Creating environment hook '/workspace/ros2_ws/install/neuravac_planner/share/neuravac_planner/hook/ament_prefix_path.ps1'
[0.877s] INFO:colcon.colcon_core.shell:Creating environment descriptor '/workspace/ros2_ws/install/neuravac_planner/share/neuravac_planner/hook/ament_prefix_path.dsv'
[0.878s] INFO:colcon.colcon_core.shell:Creating environment hook '/workspace/ros2_ws/install/neuravac_planner/share/neuravac_planner/hook/ament_prefix_path.sh'
[0.879s] INFO:colcon.colcon_core.shell:Skip shell extension 'powershell' for command environment: Not usable outside of PowerShell
[0.879s] DEBUG:colcon.colcon_core.shell:Skip shell extension 'dsv' for command environment
[0.880s] INFO:colcon.colcon_ros.task.ament_python.build:Building ROS package in '/workspace/ros2_ws/src/neuravac_safety' with build type 'ament_python'
[0.880s] Level 1:colcon.colcon_core.shell:create_environment_hook('neuravac_safety', 'ament_prefix_path')
[0.881s] INFO:colcon.colcon_core.shell:Creating environment hook '/workspace/ros2_ws/install/neuravac_safety/share/neuravac_safety/hook/ament_prefix_path.ps1'
[0.881s] INFO:colcon.colcon_core.shell:Creating environment descriptor '/workspace/ros2_ws/install/neuravac_safety/share/neuravac_safety/hook/ament_prefix_path.dsv'
[0.882s] INFO:colcon.colcon_core.shell:Creating environment hook '/workspace/ros2_ws/install/neuravac_safety/share/neuravac_safety/hook/ament_prefix_path.sh'
[0.882s] INFO:colcon.colcon_core.shell:Skip shell extension 'powershell' for command environment: Not usable outside of PowerShell
[0.882s] DEBUG:colcon.colcon_core.shell:Skip shell extension 'dsv' for command environment
[0.884s] INFO:colcon.colcon_ros.task.ament_python.build:Building ROS package in '/workspace/ros2_ws/src/neuravac_semantic_map' with build type 'ament_python'
[0.884s] Level 1:colcon.colcon_core.shell:create_environment_hook('neuravac_semantic_map', 'ament_prefix_path')
[0.884s] INFO:colcon.colcon_core.shell:Creating environment hook '/workspace/ros2_ws/install/neuravac_semantic_map/share/neuravac_semantic_map/hook/ament_prefix_path.ps1'
[0.885s] INFO:colcon.colcon_core.shell:Creating environment descriptor '/workspace/ros2_ws/install/neuravac_semantic_map/share/neuravac_semantic_map/hook/ament_prefix_path.dsv'
[0.886s] INFO:colcon.colcon_core.shell:Creating environment hook '/workspace/ros2_ws/install/neuravac_semantic_map/share/neuravac_semantic_map/hook/ament_prefix_path.sh'
[0.886s] INFO:colcon.colcon_core.shell:Skip shell extension 'powershell' for command environment: Not usable outside of PowerShell
[0.886s] DEBUG:colcon.colcon_core.shell:Skip shell extension 'dsv' for command environment
[0.888s] INFO:colcon.colcon_ros.task.ament_python.build:Building ROS package in '/workspace/ros2_ws/src/neuravac_world_model' with build type 'ament_python'
[0.888s] Level 1:colcon.colcon_core.shell:create_environment_hook('neuravac_world_model', 'ament_prefix_path')
[0.888s] INFO:colcon.colcon_core.shell:Creating environment hook '/workspace/ros2_ws/install/neuravac_world_model/share/neuravac_world_model/hook/ament_prefix_path.ps1'
[0.889s] INFO:colcon.colcon_core.shell:Creating environment descriptor '/workspace/ros2_ws/install/neuravac_world_model/share/neuravac_world_model/hook/ament_prefix_path.dsv'
[0.890s] INFO:colcon.colcon_core.shell:Creating environment hook '/workspace/ros2_ws/install/neuravac_world_model/share/neuravac_world_model/hook/ament_prefix_path.sh'
[0.890s] INFO:colcon.colcon_core.shell:Skip shell extension 'powershell' for command environment: Not usable outside of PowerShell
[0.890s] DEBUG:colcon.colcon_core.shell:Skip shell extension 'dsv' for command environment
[0.988s] INFO:colcon.colcon_core.task.python.build:Building Python package in '/workspace/ros2_ws/src/neuravac_cleaning'
[0.988s] INFO:colcon.colcon_core.shell:Skip shell extension 'powershell' for command environment: Not usable outside of PowerShell
[0.988s] DEBUG:colcon.colcon_core.shell:Skip shell extension 'dsv' for command environment
[1.082s] INFO:colcon.colcon_core.task.python.build:Building Python package in '/workspace/ros2_ws/src/neuravac_cloud'
[1.082s] INFO:colcon.colcon_core.shell:Skip shell extension 'powershell' for command environment: Not usable outside of PowerShell
[1.082s] DEBUG:colcon.colcon_core.shell:Skip shell extension 'dsv' for command environment
[1.177s] INFO:colcon.colcon_core.task.python.build:Building Python package in '/workspace/ros2_ws/src/neuravac_dashboard'
[1.177s] INFO:colcon.colcon_core.shell:Skip shell extension 'powershell' for command environment: Not usable outside of PowerShell
[1.177s] DEBUG:colcon.colcon_core.shell:Skip shell extension 'dsv' for command environment
[1.268s] INFO:colcon.colcon_core.task.python.build:Building Python package in '/workspace/ros2_ws/src/neuravac_perception'
[1.268s] INFO:colcon.colcon_core.shell:Skip shell extension 'powershell' for command environment: Not usable outside of PowerShell
[1.268s] DEBUG:colcon.colcon_core.shell:Skip shell extension 'dsv' for command environment
[1.358s] INFO:colcon.colcon_core.task.python.build:Building Python package in '/workspace/ros2_ws/src/neuravac_planner'
[1.358s] INFO:colcon.colcon_core.shell:Skip shell extension 'powershell' for command environment: Not usable outside of PowerShell
[1.358s] DEBUG:colcon.colcon_core.shell:Skip shell extension 'dsv' for command environment
[1.450s] INFO:colcon.colcon_core.task.python.build:Building Python package in '/workspace/ros2_ws/src/neuravac_safety'
[1.450s] INFO:colcon.colcon_core.shell:Skip shell extension 'powershell' for command environment: Not usable outside of PowerShell
[1.450s] DEBUG:colcon.colcon_core.shell:Skip shell extension 'dsv' for command environment
[1.558s] INFO:colcon.colcon_core.task.python.build:Building Python package in '/workspace/ros2_ws/src/neuravac_semantic_map'
[1.559s] INFO:colcon.colcon_core.shell:Skip shell extension 'powershell' for command environment: Not usable outside of PowerShell
[1.559s] DEBUG:colcon.colcon_core.shell:Skip shell extension 'dsv' for command environment
[1.651s] INFO:colcon.colcon_core.task.python.build:Building Python package in '/workspace/ros2_ws/src/neuravac_world_model'
[1.651s] INFO:colcon.colcon_core.shell:Skip shell extension 'powershell' for command environment: Not usable outside of PowerShell
[1.651s] DEBUG:colcon.colcon_core.shell:Skip shell extension 'dsv' for command environment
[2.026s] DEBUG:colcon.colcon_core.task.python.build:Available setuptools commands: test, dist_info, build_ext, upload_docs, install_headers, setopt, bdist_wheel, install_lib, build_py, install_data, bdist_rpm, develop, editable_wheel, upload, bdist_egg, egg_info, bdist, rotate, bdist_dumb, clean, easy_install, check, register, alias, install_scripts, saveopts, install_egg_info, build, sdist, build_clib, install, build_scripts, symlink_data
[2.034s] DEBUG:colcon.colcon_core.task.python.build:Available setuptools commands: test, dist_info, build_ext, upload_docs, install_headers, setopt, bdist_wheel, install_lib, build_py, install_data, bdist_rpm, develop, editable_wheel, upload, bdist_egg, egg_info, bdist, rotate, bdist_dumb, clean, easy_install, check, register, alias, install_scripts, saveopts, install_egg_info, build, sdist, build_clib, install, build_scripts, symlink_data
[2.070s] DEBUG:colcon.colcon_core.task.python.build:Available setuptools commands: test, dist_info, build_ext, upload_docs, install_headers, setopt, bdist_wheel, install_lib, build_py, install_data, bdist_rpm, develop, editable_wheel, upload, bdist_egg, egg_info, bdist, rotate, bdist_dumb, clean, easy_install, check, register, alias, install_scripts, saveopts, install_egg_info, build, sdist, build_clib, install, build_scripts, symlink_data
[2.075s] DEBUG:colcon.colcon_core.task.python.build:Available setuptools commands: test, dist_info, build_ext, upload_docs, install_headers, setopt, bdist_wheel, install_lib, build_py, install_data, bdist_rpm, develop, editable_wheel, upload, bdist_egg, egg_info, bdist, rotate, bdist_dumb, clean, easy_install, check, register, alias, install_scripts, saveopts, install_egg_info, build, sdist, build_clib, install, build_scripts, symlink_data
[2.079s] DEBUG:colcon.colcon_core.task.python.build:Available setuptools commands: test, dist_info, build_ext, upload_docs, install_headers, setopt, bdist_wheel, install_lib, build_py, install_data, bdist_rpm, develop, editable_wheel, upload, bdist_egg, egg_info, bdist, rotate, bdist_dumb, clean, easy_install, check, register, alias, install_scripts, saveopts, install_egg_info, build, sdist, build_clib, install, build_scripts, symlink_data
[2.100s] DEBUG:colcon.colcon_core.task.python.build:Available setuptools commands: test, dist_info, build_ext, upload_docs, install_headers, setopt, bdist_wheel, install_lib, build_py, install_data, bdist_rpm, develop, editable_wheel, upload, bdist_egg, egg_info, bdist, rotate, bdist_dumb, clean, easy_install, check, register, alias, install_scripts, saveopts, install_egg_info, build, sdist, build_clib, install, build_scripts, symlink_data
[2.125s] DEBUG:colcon.colcon_core.task.python.build:Available setuptools commands: test, dist_info, build_ext, upload_docs, install_headers, setopt, bdist_wheel, install_lib, build_py, install_data, bdist_rpm, develop, editable_wheel, upload, bdist_egg, egg_info, bdist, rotate, bdist_dumb, clean, easy_install, check, register, alias, install_scripts, saveopts, install_egg_info, build, sdist, build_clib, install, build_scripts, symlink_data
[2.125s] DEBUG:colcon.colcon_core.task.python.build:Available setuptools commands: test, dist_info, build_ext, upload_docs, install_headers, setopt, bdist_wheel, install_lib, build_py, install_data, bdist_rpm, develop, editable_wheel, upload, bdist_egg, egg_info, bdist, rotate, bdist_dumb, clean, easy_install, check, register, alias, install_scripts, saveopts, install_egg_info, build, sdist, build_clib, install, build_scripts, symlink_data
[2.299s] DEBUG:colcon.colcon_core.task.python.build:Available setuptools 'develop' options: --find-links, --no-find-links, --uninstall, --local-snapshots-ok, --prefix, --help, --verbose, --always-copy, --install-dir, --zip-ok, --script-dir, --always-unzip, --dry-run, --allow-hosts, --record, --version, --multi-version, --upgrade, --editable, --quiet, --egg-path, --optimize, --user, --no-user-cfg, --install-layout, --exclude-scripts, --build-directory, --index-url, --site-dirs, --force-installation-into-system-dir, --no-deps
[2.306s] DEBUG:colcon.colcon_core.task.python.build:Available setuptools 'develop' options: --find-links, --no-find-links, --uninstall, --local-snapshots-ok, --prefix, --help, --verbose, --always-copy, --install-dir, --zip-ok, --script-dir, --always-unzip, --dry-run, --allow-hosts, --record, --version, --multi-version, --upgrade, --editable, --quiet, --egg-path, --optimize, --user, --no-user-cfg, --install-layout, --exclude-scripts, --build-directory, --index-url, --site-dirs, --force-installation-into-system-dir, --no-deps
[2.312s] DEBUG:colcon.colcon_core.event_handler.log_command:Invoking command in '/workspace/ros2_ws/build/neuravac_dashboard': AMENT_PREFIX_PATH=/workspace/ros2_ws/install/neuravac_base:${AMENT_PREFIX_PATH} PS1=(neuravac-ros) PYTHONPATH=/workspace/ros2_ws/build/neuravac_dashboard/prefix_override:/usr/lib/python3/dist-packages/colcon_core/task/python/colcon_distutils_commands:/workspace/ros2_ws/install/neuravac_dashboard/lib/python3.12/site-packages:/workspace/ros2_ws/build/neuravac_base:/workspace/ros2_ws/install/neuravac_base/lib/python3.12/site-packages:${PYTHONPATH} VIRTUAL_ENV_PROMPT=(neuravac-ros) /tmp/neuravac-ros/bin/python -W ignore:setup.py install is deprecated -W ignore:easy_install command is deprecated setup.py develop --editable --build-directory /workspace/ros2_ws/build/neuravac_dashboard/build --no-deps symlink_data
[2.323s] DEBUG:colcon.colcon_core.event_handler.log_command:Invoking command in '/workspace/ros2_ws/build/neuravac_cleaning': AMENT_PREFIX_PATH=/workspace/ros2_ws/install/neuravac_base:${AMENT_PREFIX_PATH} PS1=(neuravac-ros) PYTHONPATH=/workspace/ros2_ws/build/neuravac_cleaning/prefix_override:/usr/lib/python3/dist-packages/colcon_core/task/python/colcon_distutils_commands:/workspace/ros2_ws/install/neuravac_cleaning/lib/python3.12/site-packages:/workspace/ros2_ws/build/neuravac_base:/workspace/ros2_ws/install/neuravac_base/lib/python3.12/site-packages:${PYTHONPATH} VIRTUAL_ENV_PROMPT=(neuravac-ros) /tmp/neuravac-ros/bin/python -W ignore:setup.py install is deprecated -W ignore:easy_install command is deprecated setup.py develop --editable --build-directory /workspace/ros2_ws/build/neuravac_cleaning/build --no-deps symlink_data
[2.328s] DEBUG:colcon.colcon_core.task.python.build:Available setuptools 'develop' options: --find-links, --no-find-links, --uninstall, --local-snapshots-ok, --prefix, --help, --verbose, --always-copy, --install-dir, --zip-ok, --script-dir, --always-unzip, --dry-run, --allow-hosts, --record, --version, --multi-version, --upgrade, --editable, --quiet, --egg-path, --optimize, --user, --no-user-cfg, --install-layout, --exclude-scripts, --build-directory, --index-url, --site-dirs, --force-installation-into-system-dir, --no-deps
[2.342s] DEBUG:colcon.colcon_core.event_handler.log_command:Invoking command in '/workspace/ros2_ws/build/neuravac_safety': AMENT_PREFIX_PATH=/workspace/ros2_ws/install/neuravac_base:${AMENT_PREFIX_PATH} PS1=(neuravac-ros) PYTHONPATH=/workspace/ros2_ws/build/neuravac_safety/prefix_override:/usr/lib/python3/dist-packages/colcon_core/task/python/colcon_distutils_commands:/workspace/ros2_ws/install/neuravac_safety/lib/python3.12/site-packages:/workspace/ros2_ws/build/neuravac_base:/workspace/ros2_ws/install/neuravac_base/lib/python3.12/site-packages:${PYTHONPATH} VIRTUAL_ENV_PROMPT=(neuravac-ros) /tmp/neuravac-ros/bin/python -W ignore:setup.py install is deprecated -W ignore:easy_install command is deprecated setup.py develop --editable --build-directory /workspace/ros2_ws/build/neuravac_safety/build --no-deps symlink_data
[2.344s] DEBUG:colcon.colcon_core.task.python.build:Available setuptools 'develop' options: --find-links, --no-find-links, --uninstall, --local-snapshots-ok, --prefix, --help, --verbose, --always-copy, --install-dir, --zip-ok, --script-dir, --always-unzip, --dry-run, --allow-hosts, --record, --version, --multi-version, --upgrade, --editable, --quiet, --egg-path, --optimize, --user, --no-user-cfg, --install-layout, --exclude-scripts, --build-directory, --index-url, --site-dirs, --force-installation-into-system-dir, --no-deps
[2.353s] DEBUG:colcon.colcon_core.event_handler.log_command:Invoking command in '/workspace/ros2_ws/build/neuravac_perception': AMENT_PREFIX_PATH=/workspace/ros2_ws/install/neuravac_base:${AMENT_PREFIX_PATH} PS1=(neuravac-ros) PYTHONPATH=/workspace/ros2_ws/build/neuravac_perception/prefix_override:/usr/lib/python3/dist-packages/colcon_core/task/python/colcon_distutils_commands:/workspace/ros2_ws/install/neuravac_perception/lib/python3.12/site-packages:/workspace/ros2_ws/build/neuravac_base:/workspace/ros2_ws/install/neuravac_base/lib/python3.12/site-packages:${PYTHONPATH} VIRTUAL_ENV_PROMPT=(neuravac-ros) /tmp/neuravac-ros/bin/python -W ignore:setup.py install is deprecated -W ignore:easy_install command is deprecated setup.py develop --editable --build-directory /workspace/ros2_ws/build/neuravac_perception/build --no-deps symlink_data
[2.354s] DEBUG:colcon.colcon_core.task.python.build:Available setuptools 'develop' options: --find-links, --no-find-links, --uninstall, --local-snapshots-ok, --prefix, --help, --verbose, --always-copy, --install-dir, --zip-ok, --script-dir, --always-unzip, --dry-run, --allow-hosts, --record, --version, --multi-version, --upgrade, --editable, --quiet, --egg-path, --optimize, --user, --no-user-cfg, --install-layout, --exclude-scripts, --build-directory, --index-url, --site-dirs, --force-installation-into-system-dir, --no-deps
[2.367s] DEBUG:colcon.colcon_core.event_handler.log_command:Invoking command in '/workspace/ros2_ws/build/neuravac_planner': AMENT_PREFIX_PATH=/workspace/ros2_ws/install/neuravac_base:${AMENT_PREFIX_PATH} PS1=(neuravac-ros) PYTHONPATH=/workspace/ros2_ws/build/neuravac_planner/prefix_override:/usr/lib/python3/dist-packages/colcon_core/task/python/colcon_distutils_commands:/workspace/ros2_ws/install/neuravac_planner/lib/python3.12/site-packages:/workspace/ros2_ws/build/neuravac_base:/workspace/ros2_ws/install/neuravac_base/lib/python3.12/site-packages:${PYTHONPATH} VIRTUAL_ENV_PROMPT=(neuravac-ros) /tmp/neuravac-ros/bin/python -W ignore:setup.py install is deprecated -W ignore:easy_install command is deprecated setup.py develop --editable --build-directory /workspace/ros2_ws/build/neuravac_planner/build --no-deps symlink_data
[2.372s] DEBUG:colcon.colcon_core.task.python.build:Available setuptools 'develop' options: --find-links, --no-find-links, --uninstall, --local-snapshots-ok, --prefix, --help, --verbose, --always-copy, --install-dir, --zip-ok, --script-dir, --always-unzip, --dry-run, --allow-hosts, --record, --version, --multi-version, --upgrade, --editable, --quiet, --egg-path, --optimize, --user, --no-user-cfg, --install-layout, --exclude-scripts, --build-directory, --index-url, --site-dirs, --force-installation-into-system-dir, --no-deps
[2.379s] DEBUG:colcon.colcon_core.task.python.build:Available setuptools 'develop' options: --find-links, --no-find-links, --uninstall, --local-snapshots-ok, --prefix, --help, --verbose, --always-copy, --install-dir, --zip-ok, --script-dir, --always-unzip, --dry-run, --allow-hosts, --record, --version, --multi-version, --upgrade, --editable, --quiet, --egg-path, --optimize, --user, --no-user-cfg, --install-layout, --exclude-scripts, --build-directory, --index-url, --site-dirs, --force-installation-into-system-dir, --no-deps
[2.380s] DEBUG:colcon.colcon_core.event_handler.log_command:Invoking command in '/workspace/ros2_ws/build/neuravac_world_model': AMENT_PREFIX_PATH=/workspace/ros2_ws/install/neuravac_base:${AMENT_PREFIX_PATH} PS1=(neuravac-ros) PYTHONPATH=/workspace/ros2_ws/build/neuravac_world_model/prefix_override:/usr/lib/python3/dist-packages/colcon_core/task/python/colcon_distutils_commands:/workspace/ros2_ws/install/neuravac_world_model/lib/python3.12/site-packages:/workspace/ros2_ws/build/neuravac_base:/workspace/ros2_ws/install/neuravac_base/lib/python3.12/site-packages:${PYTHONPATH} VIRTUAL_ENV_PROMPT=(neuravac-ros) /tmp/neuravac-ros/bin/python -W ignore:setup.py install is deprecated -W ignore:easy_install command is deprecated setup.py develop --editable --build-directory /workspace/ros2_ws/build/neuravac_world_model/build --no-deps symlink_data
[2.396s] DEBUG:colcon.colcon_core.event_handler.log_command:Invoking command in '/workspace/ros2_ws/build/neuravac_semantic_map': AMENT_PREFIX_PATH=/workspace/ros2_ws/install/neuravac_base:${AMENT_PREFIX_PATH} PS1=(neuravac-ros) PYTHONPATH=/workspace/ros2_ws/build/neuravac_semantic_map/prefix_override:/usr/lib/python3/dist-packages/colcon_core/task/python/colcon_distutils_commands:/workspace/ros2_ws/install/neuravac_semantic_map/lib/python3.12/site-packages:/workspace/ros2_ws/build/neuravac_base:/workspace/ros2_ws/install/neuravac_base/lib/python3.12/site-packages:${PYTHONPATH} VIRTUAL_ENV_PROMPT=(neuravac-ros) /tmp/neuravac-ros/bin/python -W ignore:setup.py install is deprecated -W ignore:easy_install command is deprecated setup.py develop --editable --build-directory /workspace/ros2_ws/build/neuravac_semantic_map/build --no-deps symlink_data
[2.396s] DEBUG:colcon.colcon_core.task.python.build:Available setuptools 'develop' options: --find-links, --no-find-links, --uninstall, --local-snapshots-ok, --prefix, --help, --verbose, --always-copy, --install-dir, --zip-ok, --script-dir, --always-unzip, --dry-run, --allow-hosts, --record, --version, --multi-version, --upgrade, --editable, --quiet, --egg-path, --optimize, --user, --no-user-cfg, --install-layout, --exclude-scripts, --build-directory, --index-url, --site-dirs, --force-installation-into-system-dir, --no-deps
[2.411s] DEBUG:colcon.colcon_core.event_handler.log_command:Invoking command in '/workspace/ros2_ws/build/neuravac_cloud': AMENT_PREFIX_PATH=/workspace/ros2_ws/install/neuravac_base:${AMENT_PREFIX_PATH} PS1=(neuravac-ros) PYTHONPATH=/workspace/ros2_ws/build/neuravac_cloud/prefix_override:/usr/lib/python3/dist-packages/colcon_core/task/python/colcon_distutils_commands:/workspace/ros2_ws/install/neuravac_cloud/lib/python3.12/site-packages:/workspace/ros2_ws/build/neuravac_base:/workspace/ros2_ws/install/neuravac_base/lib/python3.12/site-packages:${PYTHONPATH} VIRTUAL_ENV_PROMPT=(neuravac-ros) /tmp/neuravac-ros/bin/python -W ignore:setup.py install is deprecated -W ignore:easy_install command is deprecated setup.py develop --editable --build-directory /workspace/ros2_ws/build/neuravac_cloud/build --no-deps symlink_data
[2.732s] Level 1:colcon.colcon_core.shell:create_environment_hook('neuravac_cleaning', 'pythonpath_develop')
[2.734s] INFO:colcon.colcon_core.shell:Creating environment hook '/workspace/ros2_ws/build/neuravac_cleaning/share/neuravac_cleaning/hook/pythonpath_develop.ps1'
[2.738s] INFO:colcon.colcon_core.shell:Creating environment descriptor '/workspace/ros2_ws/build/neuravac_cleaning/share/neuravac_cleaning/hook/pythonpath_develop.dsv'
[2.740s] INFO:colcon.colcon_core.shell:Creating environment hook '/workspace/ros2_ws/build/neuravac_cleaning/share/neuravac_cleaning/hook/pythonpath_develop.sh'
[2.744s] Level 1:colcon.colcon_core.environment:checking '/workspace/ros2_ws/install/neuravac_cleaning' for CMake module files
[2.752s] Level 1:colcon.colcon_core.environment:checking '/workspace/ros2_ws/install/neuravac_cleaning' for CMake config files
[2.753s] DEBUG:colcon.colcon_core.event_handler.log_command:Invoked command in '/workspace/ros2_ws/build/neuravac_cleaning' returned '0': AMENT_PREFIX_PATH=/workspace/ros2_ws/install/neuravac_base:${AMENT_PREFIX_PATH} PS1=(neuravac-ros) PYTHONPATH=/workspace/ros2_ws/build/neuravac_cleaning/prefix_override:/usr/lib/python3/dist-packages/colcon_core/task/python/colcon_distutils_commands:/workspace/ros2_ws/install/neuravac_cleaning/lib/python3.12/site-packages:/workspace/ros2_ws/build/neuravac_base:/workspace/ros2_ws/install/neuravac_base/lib/python3.12/site-packages:${PYTHONPATH} VIRTUAL_ENV_PROMPT=(neuravac-ros) /tmp/neuravac-ros/bin/python -W ignore:setup.py install is deprecated -W ignore:easy_install command is deprecated setup.py develop --editable --build-directory /workspace/ros2_ws/build/neuravac_cleaning/build --no-deps symlink_data
[2.763s] Level 1:colcon.colcon_core.environment:checking '/workspace/ros2_ws/install/neuravac_cleaning/lib'
[2.763s] Level 1:colcon.colcon_core.environment:checking '/workspace/ros2_ws/install/neuravac_cleaning/bin'
[2.764s] Level 1:colcon.colcon_core.environment:checking '/workspace/ros2_ws/install/neuravac_cleaning/lib/pkgconfig/neuravac_cleaning.pc'
[2.765s] Level 1:colcon.colcon_core.environment:checking '/workspace/ros2_ws/install/neuravac_cleaning/lib/python3.12/site-packages'
[2.765s] Level 1:colcon.colcon_core.shell:create_environment_hook('neuravac_cleaning', 'pythonpath')
[2.765s] INFO:colcon.colcon_core.shell:Creating environment hook '/workspace/ros2_ws/install/neuravac_cleaning/share/neuravac_cleaning/hook/pythonpath.ps1'
[2.766s] INFO:colcon.colcon_core.shell:Creating environment descriptor '/workspace/ros2_ws/install/neuravac_cleaning/share/neuravac_cleaning/hook/pythonpath.dsv'
[2.767s] INFO:colcon.colcon_core.shell:Creating environment hook '/workspace/ros2_ws/install/neuravac_cleaning/share/neuravac_cleaning/hook/pythonpath.sh'
[2.769s] Level 1:colcon.colcon_core.environment:checking '/workspace/ros2_ws/install/neuravac_cleaning/bin'
[2.769s] Level 1:colcon.colcon_core.environment:create_environment_scripts_only(neuravac_cleaning)
[2.769s] INFO:colcon.colcon_core.shell:Creating package script '/workspace/ros2_ws/install/neuravac_cleaning/share/neuravac_cleaning/package.ps1'
[2.770s] INFO:colcon.colcon_core.shell:Creating package descriptor '/workspace/ros2_ws/install/neuravac_cleaning/share/neuravac_cleaning/package.dsv'
[2.771s] INFO:colcon.colcon_core.shell:Creating package script '/workspace/ros2_ws/install/neuravac_cleaning/share/neuravac_cleaning/package.sh'
[2.772s] INFO:colcon.colcon_core.shell:Creating package script '/workspace/ros2_ws/install/neuravac_cleaning/share/neuravac_cleaning/package.bash'
[2.773s] INFO:colcon.colcon_core.shell:Creating package script '/workspace/ros2_ws/install/neuravac_cleaning/share/neuravac_cleaning/package.zsh'
[2.778s] Level 1:colcon.colcon_core.environment:create_file_with_runtime_dependencies(/workspace/ros2_ws/install/neuravac_cleaning/share/colcon-core/packages/neuravac_cleaning)
[2.781s] Level 1:colcon.colcon_core.shell:create_environment_hook('neuravac_dashboard', 'pythonpath_develop')
[2.781s] INFO:colcon.colcon_core.shell:Creating environment hook '/workspace/ros2_ws/build/neuravac_dashboard/share/neuravac_dashboard/hook/pythonpath_develop.ps1'
[2.783s] INFO:colcon.colcon_core.shell:Creating environment descriptor '/workspace/ros2_ws/build/neuravac_dashboard/share/neuravac_dashboard/hook/pythonpath_develop.dsv'
[2.784s] INFO:colcon.colcon_core.shell:Creating environment hook '/workspace/ros2_ws/build/neuravac_dashboard/share/neuravac_dashboard/hook/pythonpath_develop.sh'
[2.787s] Level 1:colcon.colcon_core.environment:checking '/workspace/ros2_ws/install/neuravac_dashboard' for CMake module files
[2.788s] Level 1:colcon.colcon_core.environment:checking '/workspace/ros2_ws/install/neuravac_dashboard' for CMake config files
[2.791s] Level 1:colcon.colcon_core.environment:checking '/workspace/ros2_ws/install/neuravac_dashboard/lib'
[2.791s] DEBUG:colcon.colcon_core.event_handler.log_command:Invoked command in '/workspace/ros2_ws/build/neuravac_dashboard' returned '0': AMENT_PREFIX_PATH=/workspace/ros2_ws/install/neuravac_base:${AMENT_PREFIX_PATH} PS1=(neuravac-ros) PYTHONPATH=/workspace/ros2_ws/build/neuravac_dashboard/prefix_override:/usr/lib/python3/dist-packages/colcon_core/task/python/colcon_distutils_commands:/workspace/ros2_ws/install/neuravac_dashboard/lib/python3.12/site-packages:/workspace/ros2_ws/build/neuravac_base:/workspace/ros2_ws/install/neuravac_base/lib/python3.12/site-packages:${PYTHONPATH} VIRTUAL_ENV_PROMPT=(neuravac-ros) /tmp/neuravac-ros/bin/python -W ignore:setup.py install is deprecated -W ignore:easy_install command is deprecated setup.py develop --editable --build-directory /workspace/ros2_ws/build/neuravac_dashboard/build --no-deps symlink_data
[2.791s] Level 1:colcon.colcon_core.environment:checking '/workspace/ros2_ws/install/neuravac_dashboard/bin'
[2.791s] Level 1:colcon.colcon_core.environment:checking '/workspace/ros2_ws/install/neuravac_dashboard/lib/pkgconfig/neuravac_dashboard.pc'
[2.792s] Level 1:colcon.colcon_core.environment:checking '/workspace/ros2_ws/install/neuravac_dashboard/lib/python3.12/site-packages'
[2.792s] Level 1:colcon.colcon_core.shell:create_environment_hook('neuravac_dashboard', 'pythonpath')
[2.792s] INFO:colcon.colcon_core.shell:Creating environment hook '/workspace/ros2_ws/install/neuravac_dashboard/share/neuravac_dashboard/hook/pythonpath.ps1'
[2.794s] INFO:colcon.colcon_core.shell:Creating environment descriptor '/workspace/ros2_ws/install/neuravac_dashboard/share/neuravac_dashboard/hook/pythonpath.dsv'
[2.795s] INFO:colcon.colcon_core.shell:Creating environment hook '/workspace/ros2_ws/install/neuravac_dashboard/share/neuravac_dashboard/hook/pythonpath.sh'
[2.795s] Level 1:colcon.colcon_core.environment:checking '/workspace/ros2_ws/install/neuravac_dashboard/bin'
[2.795s] Level 1:colcon.colcon_core.environment:create_environment_scripts_only(neuravac_dashboard)
[2.796s] INFO:colcon.colcon_core.shell:Creating package script '/workspace/ros2_ws/install/neuravac_dashboard/share/neuravac_dashboard/package.ps1'
[2.796s] INFO:colcon.colcon_core.shell:Creating package descriptor '/workspace/ros2_ws/install/neuravac_dashboard/share/neuravac_dashboard/package.dsv'
[2.796s] INFO:colcon.colcon_core.shell:Creating package script '/workspace/ros2_ws/install/neuravac_dashboard/share/neuravac_dashboard/package.sh'
[2.797s] INFO:colcon.colcon_core.shell:Creating package script '/workspace/ros2_ws/install/neuravac_dashboard/share/neuravac_dashboard/package.bash'
[2.797s] INFO:colcon.colcon_core.shell:Creating package script '/workspace/ros2_ws/install/neuravac_dashboard/share/neuravac_dashboard/package.zsh'
[2.797s] Level 1:colcon.colcon_core.environment:create_file_with_runtime_dependencies(/workspace/ros2_ws/install/neuravac_dashboard/share/colcon-core/packages/neuravac_dashboard)
[2.799s] Level 1:colcon.colcon_core.shell:create_environment_hook('neuravac_safety', 'pythonpath_develop')
[2.799s] INFO:colcon.colcon_core.shell:Creating environment hook '/workspace/ros2_ws/build/neuravac_safety/share/neuravac_safety/hook/pythonpath_develop.ps1'
[2.800s] INFO:colcon.colcon_core.shell:Creating environment descriptor '/workspace/ros2_ws/build/neuravac_safety/share/neuravac_safety/hook/pythonpath_develop.dsv'
[2.801s] DEBUG:colcon.colcon_core.event_handler.log_command:Invoked command in '/workspace/ros2_ws/build/neuravac_safety' returned '0': AMENT_PREFIX_PATH=/workspace/ros2_ws/install/neuravac_base:${AMENT_PREFIX_PATH} PS1=(neuravac-ros) PYTHONPATH=/workspace/ros2_ws/build/neuravac_safety/prefix_override:/usr/lib/python3/dist-packages/colcon_core/task/python/colcon_distutils_commands:/workspace/ros2_ws/install/neuravac_safety/lib/python3.12/site-packages:/workspace/ros2_ws/build/neuravac_base:/workspace/ros2_ws/install/neuravac_base/lib/python3.12/site-packages:${PYTHONPATH} VIRTUAL_ENV_PROMPT=(neuravac-ros) /tmp/neuravac-ros/bin/python -W ignore:setup.py install is deprecated -W ignore:easy_install command is deprecated setup.py develop --editable --build-directory /workspace/ros2_ws/build/neuravac_safety/build --no-deps symlink_data
[2.801s] INFO:colcon.colcon_core.shell:Creating environment hook '/workspace/ros2_ws/build/neuravac_safety/share/neuravac_safety/hook/pythonpath_develop.sh'
[2.802s] Level 1:colcon.colcon_core.environment:checking '/workspace/ros2_ws/install/neuravac_safety' for CMake module files
[2.802s] Level 1:colcon.colcon_core.environment:checking '/workspace/ros2_ws/install/neuravac_safety' for CMake config files
[2.807s] Level 1:colcon.colcon_core.environment:checking '/workspace/ros2_ws/install/neuravac_safety/lib'
[2.807s] Level 1:colcon.colcon_core.environment:checking '/workspace/ros2_ws/install/neuravac_safety/bin'
[2.807s] Level 1:colcon.colcon_core.environment:checking '/workspace/ros2_ws/install/neuravac_safety/lib/pkgconfig/neuravac_safety.pc'
[2.808s] Level 1:colcon.colcon_core.environment:checking '/workspace/ros2_ws/install/neuravac_safety/lib/python3.12/site-packages'
[2.808s] Level 1:colcon.colcon_core.shell:create_environment_hook('neuravac_safety', 'pythonpath')
[2.808s] INFO:colcon.colcon_core.shell:Creating environment hook '/workspace/ros2_ws/install/neuravac_safety/share/neuravac_safety/hook/pythonpath.ps1'
[2.808s] INFO:colcon.colcon_core.shell:Creating environment descriptor '/workspace/ros2_ws/install/neuravac_safety/share/neuravac_safety/hook/pythonpath.dsv'
[2.809s] INFO:colcon.colcon_core.shell:Creating environment hook '/workspace/ros2_ws/install/neuravac_safety/share/neuravac_safety/hook/pythonpath.sh'
[2.809s] Level 1:colcon.colcon_core.environment:checking '/workspace/ros2_ws/install/neuravac_safety/bin'
[2.809s] Level 1:colcon.colcon_core.environment:create_environment_scripts_only(neuravac_safety)
[2.809s] INFO:colcon.colcon_core.shell:Creating package script '/workspace/ros2_ws/install/neuravac_safety/share/neuravac_safety/package.ps1'
[2.810s] INFO:colcon.colcon_core.shell:Creating package descriptor '/workspace/ros2_ws/install/neuravac_safety/share/neuravac_safety/package.dsv'
[2.810s] INFO:colcon.colcon_core.shell:Creating package script '/workspace/ros2_ws/install/neuravac_safety/share/neuravac_safety/package.sh'
[2.811s] INFO:colcon.colcon_core.shell:Creating package script '/workspace/ros2_ws/install/neuravac_safety/share/neuravac_safety/package.bash'
[2.811s] INFO:colcon.colcon_core.shell:Creating package script '/workspace/ros2_ws/install/neuravac_safety/share/neuravac_safety/package.zsh'
[2.811s] Level 1:colcon.colcon_core.environment:create_file_with_runtime_dependencies(/workspace/ros2_ws/install/neuravac_safety/share/colcon-core/packages/neuravac_safety)
[2.812s] Level 1:colcon.colcon_core.shell:create_environment_hook('neuravac_perception', 'pythonpath_develop')
[2.812s] INFO:colcon.colcon_core.shell:Creating environment hook '/workspace/ros2_ws/build/neuravac_perception/share/neuravac_perception/hook/pythonpath_develop.ps1'
[2.812s] INFO:colcon.colcon_core.shell:Creating environment descriptor '/workspace/ros2_ws/build/neuravac_perception/share/neuravac_perception/hook/pythonpath_develop.dsv'
[2.813s] DEBUG:colcon.colcon_core.event_handler.log_command:Invoked command in '/workspace/ros2_ws/build/neuravac_perception' returned '0': AMENT_PREFIX_PATH=/workspace/ros2_ws/install/neuravac_base:${AMENT_PREFIX_PATH} PS1=(neuravac-ros) PYTHONPATH=/workspace/ros2_ws/build/neuravac_perception/prefix_override:/usr/lib/python3/dist-packages/colcon_core/task/python/colcon_distutils_commands:/workspace/ros2_ws/install/neuravac_perception/lib/python3.12/site-packages:/workspace/ros2_ws/build/neuravac_base:/workspace/ros2_ws/install/neuravac_base/lib/python3.12/site-packages:${PYTHONPATH} VIRTUAL_ENV_PROMPT=(neuravac-ros) /tmp/neuravac-ros/bin/python -W ignore:setup.py install is deprecated -W ignore:easy_install command is deprecated setup.py develop --editable --build-directory /workspace/ros2_ws/build/neuravac_perception/build --no-deps symlink_data
[2.813s] INFO:colcon.colcon_core.shell:Creating environment hook '/workspace/ros2_ws/build/neuravac_perception/share/neuravac_perception/hook/pythonpath_develop.sh'
[2.814s] Level 1:colcon.colcon_core.environment:checking '/workspace/ros2_ws/install/neuravac_perception' for CMake module files
[2.814s] Level 1:colcon.colcon_core.environment:checking '/workspace/ros2_ws/install/neuravac_perception' for CMake config files
[2.816s] Level 1:colcon.colcon_core.environment:checking '/workspace/ros2_ws/install/neuravac_perception/lib'
[2.816s] Level 1:colcon.colcon_core.environment:checking '/workspace/ros2_ws/install/neuravac_perception/bin'
[2.816s] Level 1:colcon.colcon_core.environment:checking '/workspace/ros2_ws/install/neuravac_perception/lib/pkgconfig/neuravac_perception.pc'
[2.816s] Level 1:colcon.colcon_core.environment:checking '/workspace/ros2_ws/install/neuravac_perception/lib/python3.12/site-packages'
[2.816s] Level 1:colcon.colcon_core.shell:create_environment_hook('neuravac_perception', 'pythonpath')
[2.817s] INFO:colcon.colcon_core.shell:Creating environment hook '/workspace/ros2_ws/install/neuravac_perception/share/neuravac_perception/hook/pythonpath.ps1'
[2.817s] INFO:colcon.colcon_core.shell:Creating environment descriptor '/workspace/ros2_ws/install/neuravac_perception/share/neuravac_perception/hook/pythonpath.dsv'
[2.817s] INFO:colcon.colcon_core.shell:Creating environment hook '/workspace/ros2_ws/install/neuravac_perception/share/neuravac_perception/hook/pythonpath.sh'
[2.818s] Level 1:colcon.colcon_core.environment:checking '/workspace/ros2_ws/install/neuravac_perception/bin'
[2.818s] Level 1:colcon.colcon_core.environment:create_environment_scripts_only(neuravac_perception)
[2.818s] INFO:colcon.colcon_core.shell:Creating package script '/workspace/ros2_ws/install/neuravac_perception/share/neuravac_perception/package.ps1'
[2.819s] INFO:colcon.colcon_core.shell:Creating package descriptor '/workspace/ros2_ws/install/neuravac_perception/share/neuravac_perception/package.dsv'
[2.819s] INFO:colcon.colcon_core.shell:Creating package script '/workspace/ros2_ws/install/neuravac_perception/share/neuravac_perception/package.sh'
[2.819s] INFO:colcon.colcon_core.shell:Creating package script '/workspace/ros2_ws/install/neuravac_perception/share/neuravac_perception/package.bash'
[2.820s] INFO:colcon.colcon_core.shell:Creating package script '/workspace/ros2_ws/install/neuravac_perception/share/neuravac_perception/package.zsh'
[2.820s] Level 1:colcon.colcon_core.environment:create_file_with_runtime_dependencies(/workspace/ros2_ws/install/neuravac_perception/share/colcon-core/packages/neuravac_perception)
[2.820s] Level 1:colcon.colcon_core.shell:create_environment_hook('neuravac_planner', 'pythonpath_develop')
[2.820s] INFO:colcon.colcon_core.shell:Creating environment hook '/workspace/ros2_ws/build/neuravac_planner/share/neuravac_planner/hook/pythonpath_develop.ps1'
[2.821s] INFO:colcon.colcon_core.shell:Creating environment descriptor '/workspace/ros2_ws/build/neuravac_planner/share/neuravac_planner/hook/pythonpath_develop.dsv'
[2.822s] INFO:colcon.colcon_core.shell:Creating environment hook '/workspace/ros2_ws/build/neuravac_planner/share/neuravac_planner/hook/pythonpath_develop.sh'
[2.822s] DEBUG:colcon.colcon_core.event_handler.log_command:Invoked command in '/workspace/ros2_ws/build/neuravac_planner' returned '0': AMENT_PREFIX_PATH=/workspace/ros2_ws/install/neuravac_base:${AMENT_PREFIX_PATH} PS1=(neuravac-ros) PYTHONPATH=/workspace/ros2_ws/build/neuravac_planner/prefix_override:/usr/lib/python3/dist-packages/colcon_core/task/python/colcon_distutils_commands:/workspace/ros2_ws/install/neuravac_planner/lib/python3.12/site-packages:/workspace/ros2_ws/build/neuravac_base:/workspace/ros2_ws/install/neuravac_base/lib/python3.12/site-packages:${PYTHONPATH} VIRTUAL_ENV_PROMPT=(neuravac-ros) /tmp/neuravac-ros/bin/python -W ignore:setup.py install is deprecated -W ignore:easy_install command is deprecated setup.py develop --editable --build-directory /workspace/ros2_ws/build/neuravac_planner/build --no-deps symlink_data
[2.822s] Level 1:colcon.colcon_core.environment:checking '/workspace/ros2_ws/install/neuravac_planner' for CMake module files
[2.823s] Level 1:colcon.colcon_core.environment:checking '/workspace/ros2_ws/install/neuravac_planner' for CMake config files
[2.825s] Level 1:colcon.colcon_core.environment:checking '/workspace/ros2_ws/install/neuravac_planner/lib'
[2.825s] Level 1:colcon.colcon_core.environment:checking '/workspace/ros2_ws/install/neuravac_planner/bin'
[2.825s] Level 1:colcon.colcon_core.environment:checking '/workspace/ros2_ws/install/neuravac_planner/lib/pkgconfig/neuravac_planner.pc'
[2.825s] Level 1:colcon.colcon_core.environment:checking '/workspace/ros2_ws/install/neuravac_planner/lib/python3.12/site-packages'
[2.826s] Level 1:colcon.colcon_core.shell:create_environment_hook('neuravac_planner', 'pythonpath')
[2.826s] INFO:colcon.colcon_core.shell:Creating environment hook '/workspace/ros2_ws/install/neuravac_planner/share/neuravac_planner/hook/pythonpath.ps1'
[2.826s] INFO:colcon.colcon_core.shell:Creating environment descriptor '/workspace/ros2_ws/install/neuravac_planner/share/neuravac_planner/hook/pythonpath.dsv'
[2.826s] INFO:colcon.colcon_core.shell:Creating environment hook '/workspace/ros2_ws/install/neuravac_planner/share/neuravac_planner/hook/pythonpath.sh'
[2.827s] Level 1:colcon.colcon_core.environment:checking '/workspace/ros2_ws/install/neuravac_planner/bin'
[2.827s] Level 1:colcon.colcon_core.environment:create_environment_scripts_only(neuravac_planner)
[2.827s] INFO:colcon.colcon_core.shell:Creating package script '/workspace/ros2_ws/install/neuravac_planner/share/neuravac_planner/package.ps1'
[2.827s] INFO:colcon.colcon_core.shell:Creating package descriptor '/workspace/ros2_ws/install/neuravac_planner/share/neuravac_planner/package.dsv'
[2.828s] INFO:colcon.colcon_core.shell:Creating package script '/workspace/ros2_ws/install/neuravac_planner/share/neuravac_planner/package.sh'
[2.828s] INFO:colcon.colcon_core.shell:Creating package script '/workspace/ros2_ws/install/neuravac_planner/share/neuravac_planner/package.bash'
[2.828s] INFO:colcon.colcon_core.shell:Creating package script '/workspace/ros2_ws/install/neuravac_planner/share/neuravac_planner/package.zsh'
[2.829s] Level 1:colcon.colcon_core.environment:create_file_with_runtime_dependencies(/workspace/ros2_ws/install/neuravac_planner/share/colcon-core/packages/neuravac_planner)
[2.829s] Level 1:colcon.colcon_core.shell:create_environment_hook('neuravac_world_model', 'pythonpath_develop')
[2.829s] INFO:colcon.colcon_core.shell:Creating environment hook '/workspace/ros2_ws/build/neuravac_world_model/share/neuravac_world_model/hook/pythonpath_develop.ps1'
[2.830s] INFO:colcon.colcon_core.shell:Creating environment descriptor '/workspace/ros2_ws/build/neuravac_world_model/share/neuravac_world_model/hook/pythonpath_develop.dsv'
[2.831s] DEBUG:colcon.colcon_core.event_handler.log_command:Invoked command in '/workspace/ros2_ws/build/neuravac_world_model' returned '0': AMENT_PREFIX_PATH=/workspace/ros2_ws/install/neuravac_base:${AMENT_PREFIX_PATH} PS1=(neuravac-ros) PYTHONPATH=/workspace/ros2_ws/build/neuravac_world_model/prefix_override:/usr/lib/python3/dist-packages/colcon_core/task/python/colcon_distutils_commands:/workspace/ros2_ws/install/neuravac_world_model/lib/python3.12/site-packages:/workspace/ros2_ws/build/neuravac_base:/workspace/ros2_ws/install/neuravac_base/lib/python3.12/site-packages:${PYTHONPATH} VIRTUAL_ENV_PROMPT=(neuravac-ros) /tmp/neuravac-ros/bin/python -W ignore:setup.py install is deprecated -W ignore:easy_install command is deprecated setup.py develop --editable --build-directory /workspace/ros2_ws/build/neuravac_world_model/build --no-deps symlink_data
[2.831s] INFO:colcon.colcon_core.shell:Creating environment hook '/workspace/ros2_ws/build/neuravac_world_model/share/neuravac_world_model/hook/pythonpath_develop.sh'
[2.831s] Level 1:colcon.colcon_core.environment:checking '/workspace/ros2_ws/install/neuravac_world_model' for CMake module files
[2.832s] Level 1:colcon.colcon_core.environment:checking '/workspace/ros2_ws/install/neuravac_world_model' for CMake config files
[2.834s] Level 1:colcon.colcon_core.environment:checking '/workspace/ros2_ws/install/neuravac_world_model/lib'
[2.834s] Level 1:colcon.colcon_core.environment:checking '/workspace/ros2_ws/install/neuravac_world_model/bin'
[2.834s] Level 1:colcon.colcon_core.environment:checking '/workspace/ros2_ws/install/neuravac_world_model/lib/pkgconfig/neuravac_world_model.pc'
[2.834s] Level 1:colcon.colcon_core.environment:checking '/workspace/ros2_ws/install/neuravac_world_model/lib/python3.12/site-packages'
[2.834s] Level 1:colcon.colcon_core.shell:create_environment_hook('neuravac_world_model', 'pythonpath')
[2.834s] INFO:colcon.colcon_core.shell:Creating environment hook '/workspace/ros2_ws/install/neuravac_world_model/share/neuravac_world_model/hook/pythonpath.ps1'
[2.835s] INFO:colcon.colcon_core.shell:Creating environment descriptor '/workspace/ros2_ws/install/neuravac_world_model/share/neuravac_world_model/hook/pythonpath.dsv'
[2.835s] INFO:colcon.colcon_core.shell:Creating environment hook '/workspace/ros2_ws/install/neuravac_world_model/share/neuravac_world_model/hook/pythonpath.sh'
[2.835s] Level 1:colcon.colcon_core.environment:checking '/workspace/ros2_ws/install/neuravac_world_model/bin'
[2.836s] Level 1:colcon.colcon_core.environment:create_environment_scripts_only(neuravac_world_model)
[2.836s] INFO:colcon.colcon_core.shell:Creating package script '/workspace/ros2_ws/install/neuravac_world_model/share/neuravac_world_model/package.ps1'
[2.836s] INFO:colcon.colcon_core.shell:Creating package descriptor '/workspace/ros2_ws/install/neuravac_world_model/share/neuravac_world_model/package.dsv'
[2.837s] INFO:colcon.colcon_core.shell:Creating package script '/workspace/ros2_ws/install/neuravac_world_model/share/neuravac_world_model/package.sh'
[2.837s] INFO:colcon.colcon_core.shell:Creating package script '/workspace/ros2_ws/install/neuravac_world_model/share/neuravac_world_model/package.bash'
[2.837s] INFO:colcon.colcon_core.shell:Creating package script '/workspace/ros2_ws/install/neuravac_world_model/share/neuravac_world_model/package.zsh'
[2.838s] Level 1:colcon.colcon_core.environment:create_file_with_runtime_dependencies(/workspace/ros2_ws/install/neuravac_world_model/share/colcon-core/packages/neuravac_world_model)
[2.838s] Level 1:colcon.colcon_core.shell:create_environment_hook('neuravac_semantic_map', 'pythonpath_develop')
[2.838s] INFO:colcon.colcon_core.shell:Creating environment hook '/workspace/ros2_ws/build/neuravac_semantic_map/share/neuravac_semantic_map/hook/pythonpath_develop.ps1'
[2.839s] INFO:colcon.colcon_core.shell:Creating environment descriptor '/workspace/ros2_ws/build/neuravac_semantic_map/share/neuravac_semantic_map/hook/pythonpath_develop.dsv'
[2.840s] INFO:colcon.colcon_core.shell:Creating environment hook '/workspace/ros2_ws/build/neuravac_semantic_map/share/neuravac_semantic_map/hook/pythonpath_develop.sh'
[2.841s] Level 1:colcon.colcon_core.environment:checking '/workspace/ros2_ws/install/neuravac_semantic_map' for CMake module files
[2.841s] DEBUG:colcon.colcon_core.event_handler.log_command:Invoked command in '/workspace/ros2_ws/build/neuravac_semantic_map' returned '0': AMENT_PREFIX_PATH=/workspace/ros2_ws/install/neuravac_base:${AMENT_PREFIX_PATH} PS1=(neuravac-ros) PYTHONPATH=/workspace/ros2_ws/build/neuravac_semantic_map/prefix_override:/usr/lib/python3/dist-packages/colcon_core/task/python/colcon_distutils_commands:/workspace/ros2_ws/install/neuravac_semantic_map/lib/python3.12/site-packages:/workspace/ros2_ws/build/neuravac_base:/workspace/ros2_ws/install/neuravac_base/lib/python3.12/site-packages:${PYTHONPATH} VIRTUAL_ENV_PROMPT=(neuravac-ros) /tmp/neuravac-ros/bin/python -W ignore:setup.py install is deprecated -W ignore:easy_install command is deprecated setup.py develop --editable --build-directory /workspace/ros2_ws/build/neuravac_semantic_map/build --no-deps symlink_data
[2.842s] Level 1:colcon.colcon_core.environment:checking '/workspace/ros2_ws/install/neuravac_semantic_map' for CMake config files
[2.843s] Level 1:colcon.colcon_core.environment:checking '/workspace/ros2_ws/install/neuravac_semantic_map/lib'
[2.843s] Level 1:colcon.colcon_core.environment:checking '/workspace/ros2_ws/install/neuravac_semantic_map/bin'
[2.843s] Level 1:colcon.colcon_core.environment:checking '/workspace/ros2_ws/install/neuravac_semantic_map/lib/pkgconfig/neuravac_semantic_map.pc'
[2.844s] Level 1:colcon.colcon_core.environment:checking '/workspace/ros2_ws/install/neuravac_semantic_map/lib/python3.12/site-packages'
[2.844s] Level 1:colcon.colcon_core.shell:create_environment_hook('neuravac_semantic_map', 'pythonpath')
[2.844s] INFO:colcon.colcon_core.shell:Creating environment hook '/workspace/ros2_ws/install/neuravac_semantic_map/share/neuravac_semantic_map/hook/pythonpath.ps1'
[2.844s] INFO:colcon.colcon_core.shell:Creating environment descriptor '/workspace/ros2_ws/install/neuravac_semantic_map/share/neuravac_semantic_map/hook/pythonpath.dsv'
[2.844s] INFO:colcon.colcon_core.shell:Creating environment hook '/workspace/ros2_ws/install/neuravac_semantic_map/share/neuravac_semantic_map/hook/pythonpath.sh'
[2.845s] Level 1:colcon.colcon_core.environment:checking '/workspace/ros2_ws/install/neuravac_semantic_map/bin'
[2.845s] Level 1:colcon.colcon_core.environment:create_environment_scripts_only(neuravac_semantic_map)
[2.845s] INFO:colcon.colcon_core.shell:Creating package script '/workspace/ros2_ws/install/neuravac_semantic_map/share/neuravac_semantic_map/package.ps1'
[2.845s] INFO:colcon.colcon_core.shell:Creating package descriptor '/workspace/ros2_ws/install/neuravac_semantic_map/share/neuravac_semantic_map/package.dsv'
[2.846s] INFO:colcon.colcon_core.shell:Creating package script '/workspace/ros2_ws/install/neuravac_semantic_map/share/neuravac_semantic_map/package.sh'
[2.846s] INFO:colcon.colcon_core.shell:Creating package script '/workspace/ros2_ws/install/neuravac_semantic_map/share/neuravac_semantic_map/package.bash'
[2.846s] INFO:colcon.colcon_core.shell:Creating package script '/workspace/ros2_ws/install/neuravac_semantic_map/share/neuravac_semantic_map/package.zsh'
[2.847s] Level 1:colcon.colcon_core.environment:create_file_with_runtime_dependencies(/workspace/ros2_ws/install/neuravac_semantic_map/share/colcon-core/packages/neuravac_semantic_map)
[2.847s] Level 1:colcon.colcon_core.shell:create_environment_hook('neuravac_cloud', 'pythonpath_develop')
[2.847s] INFO:colcon.colcon_core.shell:Creating environment hook '/workspace/ros2_ws/build/neuravac_cloud/share/neuravac_cloud/hook/pythonpath_develop.ps1'
[2.848s] INFO:colcon.colcon_core.shell:Creating environment descriptor '/workspace/ros2_ws/build/neuravac_cloud/share/neuravac_cloud/hook/pythonpath_develop.dsv'
[2.849s] INFO:colcon.colcon_core.shell:Creating environment hook '/workspace/ros2_ws/build/neuravac_cloud/share/neuravac_cloud/hook/pythonpath_develop.sh'
[2.849s] DEBUG:colcon.colcon_core.event_handler.log_command:Invoked command in '/workspace/ros2_ws/build/neuravac_cloud' returned '0': AMENT_PREFIX_PATH=/workspace/ros2_ws/install/neuravac_base:${AMENT_PREFIX_PATH} PS1=(neuravac-ros) PYTHONPATH=/workspace/ros2_ws/build/neuravac_cloud/prefix_override:/usr/lib/python3/dist-packages/colcon_core/task/python/colcon_distutils_commands:/workspace/ros2_ws/install/neuravac_cloud/lib/python3.12/site-packages:/workspace/ros2_ws/build/neuravac_base:/workspace/ros2_ws/install/neuravac_base/lib/python3.12/site-packages:${PYTHONPATH} VIRTUAL_ENV_PROMPT=(neuravac-ros) /tmp/neuravac-ros/bin/python -W ignore:setup.py install is deprecated -W ignore:easy_install command is deprecated setup.py develop --editable --build-directory /workspace/ros2_ws/build/neuravac_cloud/build --no-deps symlink_data
[2.849s] Level 1:colcon.colcon_core.environment:checking '/workspace/ros2_ws/install/neuravac_cloud' for CMake module files
[2.850s] Level 1:colcon.colcon_core.environment:checking '/workspace/ros2_ws/install/neuravac_cloud' for CMake config files
[2.851s] Level 1:colcon.colcon_core.environment:checking '/workspace/ros2_ws/install/neuravac_cloud/lib'
[2.852s] Level 1:colcon.colcon_core.environment:checking '/workspace/ros2_ws/install/neuravac_cloud/bin'
[2.852s] Level 1:colcon.colcon_core.environment:checking '/workspace/ros2_ws/install/neuravac_cloud/lib/pkgconfig/neuravac_cloud.pc'
[2.852s] Level 1:colcon.colcon_core.environment:checking '/workspace/ros2_ws/install/neuravac_cloud/lib/python3.12/site-packages'
[2.852s] Level 1:colcon.colcon_core.shell:create_environment_hook('neuravac_cloud', 'pythonpath')
[2.852s] INFO:colcon.colcon_core.shell:Creating environment hook '/workspace/ros2_ws/install/neuravac_cloud/share/neuravac_cloud/hook/pythonpath.ps1'
[2.853s] INFO:colcon.colcon_core.shell:Creating environment descriptor '/workspace/ros2_ws/install/neuravac_cloud/share/neuravac_cloud/hook/pythonpath.dsv'
[2.854s] INFO:colcon.colcon_core.shell:Creating environment hook '/workspace/ros2_ws/install/neuravac_cloud/share/neuravac_cloud/hook/pythonpath.sh'
[2.854s] Level 1:colcon.colcon_core.environment:checking '/workspace/ros2_ws/install/neuravac_cloud/bin'
[2.854s] Level 1:colcon.colcon_core.environment:create_environment_scripts_only(neuravac_cloud)
[2.854s] INFO:colcon.colcon_core.shell:Creating package script '/workspace/ros2_ws/install/neuravac_cloud/share/neuravac_cloud/package.ps1'
[2.855s] INFO:colcon.colcon_core.shell:Creating package descriptor '/workspace/ros2_ws/install/neuravac_cloud/share/neuravac_cloud/package.dsv'
[2.856s] INFO:colcon.colcon_core.shell:Creating package script '/workspace/ros2_ws/install/neuravac_cloud/share/neuravac_cloud/package.sh'
[2.856s] INFO:colcon.colcon_core.shell:Creating package script '/workspace/ros2_ws/install/neuravac_cloud/share/neuravac_cloud/package.bash'
[2.856s] INFO:colcon.colcon_core.shell:Creating package script '/workspace/ros2_ws/install/neuravac_cloud/share/neuravac_cloud/package.zsh'
[2.857s] Level 1:colcon.colcon_core.environment:create_file_with_runtime_dependencies(/workspace/ros2_ws/install/neuravac_cloud/share/colcon-core/packages/neuravac_cloud)
[2.857s] INFO:colcon.colcon_ros.task.ament_python.build:Building ROS package in '/workspace/ros2_ws/src/neuravac_bringup' with build type 'ament_python'
[2.857s] Level 1:colcon.colcon_core.shell:create_environment_hook('neuravac_bringup', 'ament_prefix_path')
[2.857s] INFO:colcon.colcon_core.shell:Creating environment hook '/workspace/ros2_ws/install/neuravac_bringup/share/neuravac_bringup/hook/ament_prefix_path.ps1'
[2.858s] INFO:colcon.colcon_core.shell:Creating environment descriptor '/workspace/ros2_ws/install/neuravac_bringup/share/neuravac_bringup/hook/ament_prefix_path.dsv'
[2.859s] INFO:colcon.colcon_core.shell:Creating environment hook '/workspace/ros2_ws/install/neuravac_bringup/share/neuravac_bringup/hook/ament_prefix_path.sh'
[2.859s] INFO:colcon.colcon_core.shell:Skip shell extension 'powershell' for command environment: Not usable outside of PowerShell
[2.859s] DEBUG:colcon.colcon_core.shell:Skip shell extension 'dsv' for command environment
[2.979s] INFO:colcon.colcon_core.task.python.build:Building Python package in '/workspace/ros2_ws/src/neuravac_bringup'
[2.979s] INFO:colcon.colcon_core.shell:Skip shell extension 'powershell' for command environment: Not usable outside of PowerShell
[2.979s] DEBUG:colcon.colcon_core.shell:Skip shell extension 'dsv' for command environment
[3.226s] DEBUG:colcon.colcon_core.task.python.build:Available setuptools commands: test, dist_info, build_ext, upload_docs, install_headers, setopt, bdist_wheel, install_lib, build_py, install_data, bdist_rpm, develop, editable_wheel, upload, bdist_egg, egg_info, bdist, rotate, bdist_dumb, clean, easy_install, check, register, alias, install_scripts, saveopts, install_egg_info, build, sdist, build_clib, install, build_scripts, symlink_data
[3.390s] DEBUG:colcon.colcon_core.task.python.build:Available setuptools 'develop' options: --find-links, --no-find-links, --uninstall, --local-snapshots-ok, --prefix, --help, --verbose, --always-copy, --install-dir, --zip-ok, --script-dir, --always-unzip, --dry-run, --allow-hosts, --record, --version, --multi-version, --upgrade, --editable, --quiet, --egg-path, --optimize, --user, --no-user-cfg, --install-layout, --exclude-scripts, --build-directory, --index-url, --site-dirs, --force-installation-into-system-dir, --no-deps
[3.393s] DEBUG:colcon.colcon_core.event_handler.log_command:Invoking command in '/workspace/ros2_ws/build/neuravac_bringup': AMENT_PREFIX_PATH=/workspace/ros2_ws/install/neuravac_world_model:/workspace/ros2_ws/install/neuravac_semantic_map:/workspace/ros2_ws/install/neuravac_safety:/workspace/ros2_ws/install/neuravac_planner:/workspace/ros2_ws/install/neuravac_perception:/workspace/ros2_ws/install/neuravac_dashboard:/workspace/ros2_ws/install/neuravac_cloud:/workspace/ros2_ws/install/neuravac_cleaning:/workspace/ros2_ws/install/neuravac_base:${AMENT_PREFIX_PATH} PS1=(neuravac-ros) PYTHONPATH=/workspace/ros2_ws/build/neuravac_bringup/prefix_override:/usr/lib/python3/dist-packages/colcon_core/task/python/colcon_distutils_commands:/workspace/ros2_ws/install/neuravac_bringup/lib/python3.12/site-packages:/workspace/ros2_ws/build/neuravac_world_model:/workspace/ros2_ws/install/neuravac_world_model/lib/python3.12/site-packages:/workspace/ros2_ws/build/neuravac_semantic_map:/workspace/ros2_ws/install/neuravac_semantic_map/lib/python3.12/site-packages:/workspace/ros2_ws/build/neuravac_safety:/workspace/ros2_ws/install/neuravac_safety/lib/python3.12/site-packages:/workspace/ros2_ws/build/neuravac_planner:/workspace/ros2_ws/install/neuravac_planner/lib/python3.12/site-packages:/workspace/ros2_ws/build/neuravac_perception:/workspace/ros2_ws/install/neuravac_perception/lib/python3.12/site-packages:/workspace/ros2_ws/build/neuravac_dashboard:/workspace/ros2_ws/install/neuravac_dashboard/lib/python3.12/site-packages:/workspace/ros2_ws/build/neuravac_cloud:/workspace/ros2_ws/install/neuravac_cloud/lib/python3.12/site-packages:/workspace/ros2_ws/build/neuravac_cleaning:/workspace/ros2_ws/install/neuravac_cleaning/lib/python3.12/site-packages:/workspace/ros2_ws/build/neuravac_base:/workspace/ros2_ws/install/neuravac_base/lib/python3.12/site-packages:${PYTHONPATH} VIRTUAL_ENV_PROMPT=(neuravac-ros) /tmp/neuravac-ros/bin/python -W ignore:setup.py install is deprecated -W ignore:easy_install command is deprecated setup.py develop --editable --build-directory /workspace/ros2_ws/build/neuravac_bringup/build --no-deps symlink_data
[3.742s] Level 1:colcon.colcon_core.shell:create_environment_hook('neuravac_bringup', 'pythonpath_develop')
[3.743s] INFO:colcon.colcon_core.shell:Creating environment hook '/workspace/ros2_ws/build/neuravac_bringup/share/neuravac_bringup/hook/pythonpath_develop.ps1'
[3.743s] DEBUG:colcon.colcon_core.event_handler.log_command:Invoked command in '/workspace/ros2_ws/build/neuravac_bringup' returned '0': AMENT_PREFIX_PATH=/workspace/ros2_ws/install/neuravac_world_model:/workspace/ros2_ws/install/neuravac_semantic_map:/workspace/ros2_ws/install/neuravac_safety:/workspace/ros2_ws/install/neuravac_planner:/workspace/ros2_ws/install/neuravac_perception:/workspace/ros2_ws/install/neuravac_dashboard:/workspace/ros2_ws/install/neuravac_cloud:/workspace/ros2_ws/install/neuravac_cleaning:/workspace/ros2_ws/install/neuravac_base:${AMENT_PREFIX_PATH} PS1=(neuravac-ros) PYTHONPATH=/workspace/ros2_ws/build/neuravac_bringup/prefix_override:/usr/lib/python3/dist-packages/colcon_core/task/python/colcon_distutils_commands:/workspace/ros2_ws/install/neuravac_bringup/lib/python3.12/site-packages:/workspace/ros2_ws/build/neuravac_world_model:/workspace/ros2_ws/install/neuravac_world_model/lib/python3.12/site-packages:/workspace/ros2_ws/build/neuravac_semantic_map:/workspace/ros2_ws/install/neuravac_semantic_map/lib/python3.12/site-packages:/workspace/ros2_ws/build/neuravac_safety:/workspace/ros2_ws/install/neuravac_safety/lib/python3.12/site-packages:/workspace/ros2_ws/build/neuravac_planner:/workspace/ros2_ws/install/neuravac_planner/lib/python3.12/site-packages:/workspace/ros2_ws/build/neuravac_perception:/workspace/ros2_ws/install/neuravac_perception/lib/python3.12/site-packages:/workspace/ros2_ws/build/neuravac_dashboard:/workspace/ros2_ws/install/neuravac_dashboard/lib/python3.12/site-packages:/workspace/ros2_ws/build/neuravac_cloud:/workspace/ros2_ws/install/neuravac_cloud/lib/python3.12/site-packages:/workspace/ros2_ws/build/neuravac_cleaning:/workspace/ros2_ws/install/neuravac_cleaning/lib/python3.12/site-packages:/workspace/ros2_ws/build/neuravac_base:/workspace/ros2_ws/install/neuravac_base/lib/python3.12/site-packages:${PYTHONPATH} VIRTUAL_ENV_PROMPT=(neuravac-ros) /tmp/neuravac-ros/bin/python -W ignore:setup.py install is deprecated -W ignore:easy_install command is deprecated setup.py develop --editable --build-directory /workspace/ros2_ws/build/neuravac_bringup/build --no-deps symlink_data
[3.744s] INFO:colcon.colcon_core.shell:Creating environment descriptor '/workspace/ros2_ws/build/neuravac_bringup/share/neuravac_bringup/hook/pythonpath_develop.dsv'
[3.745s] INFO:colcon.colcon_core.shell:Creating environment hook '/workspace/ros2_ws/build/neuravac_bringup/share/neuravac_bringup/hook/pythonpath_develop.sh'
[3.746s] Level 1:colcon.colcon_core.environment:checking '/workspace/ros2_ws/install/neuravac_bringup' for CMake module files
[3.747s] Level 1:colcon.colcon_core.environment:checking '/workspace/ros2_ws/install/neuravac_bringup' for CMake config files
[3.749s] Level 1:colcon.colcon_core.environment:checking '/workspace/ros2_ws/install/neuravac_bringup/lib'
[3.750s] Level 1:colcon.colcon_core.environment:checking '/workspace/ros2_ws/install/neuravac_bringup/bin'
[3.750s] Level 1:colcon.colcon_core.environment:checking '/workspace/ros2_ws/install/neuravac_bringup/lib/pkgconfig/neuravac_bringup.pc'
[3.750s] Level 1:colcon.colcon_core.environment:checking '/workspace/ros2_ws/install/neuravac_bringup/lib/python3.12/site-packages'
[3.750s] Level 1:colcon.colcon_core.shell:create_environment_hook('neuravac_bringup', 'pythonpath')
[3.750s] INFO:colcon.colcon_core.shell:Creating environment hook '/workspace/ros2_ws/install/neuravac_bringup/share/neuravac_bringup/hook/pythonpath.ps1'
[3.751s] INFO:colcon.colcon_core.shell:Creating environment descriptor '/workspace/ros2_ws/install/neuravac_bringup/share/neuravac_bringup/hook/pythonpath.dsv'
[3.751s] INFO:colcon.colcon_core.shell:Creating environment hook '/workspace/ros2_ws/install/neuravac_bringup/share/neuravac_bringup/hook/pythonpath.sh'
[3.752s] Level 1:colcon.colcon_core.environment:checking '/workspace/ros2_ws/install/neuravac_bringup/bin'
[3.752s] Level 1:colcon.colcon_core.environment:create_environment_scripts_only(neuravac_bringup)
[3.752s] INFO:colcon.colcon_core.shell:Creating package script '/workspace/ros2_ws/install/neuravac_bringup/share/neuravac_bringup/package.ps1'
[3.753s] INFO:colcon.colcon_core.shell:Creating package descriptor '/workspace/ros2_ws/install/neuravac_bringup/share/neuravac_bringup/package.dsv'
[3.753s] INFO:colcon.colcon_core.shell:Creating package script '/workspace/ros2_ws/install/neuravac_bringup/share/neuravac_bringup/package.sh'
[3.754s] INFO:colcon.colcon_core.shell:Creating package script '/workspace/ros2_ws/install/neuravac_bringup/share/neuravac_bringup/package.bash'
[3.754s] INFO:colcon.colcon_core.shell:Creating package script '/workspace/ros2_ws/install/neuravac_bringup/share/neuravac_bringup/package.zsh'
[3.755s] Level 1:colcon.colcon_core.environment:create_file_with_runtime_dependencies(/workspace/ros2_ws/install/neuravac_bringup/share/colcon-core/packages/neuravac_bringup)
[3.756s] DEBUG:colcon.colcon_parallel_executor.executor.parallel:closing loop
[3.756s] DEBUG:colcon.colcon_parallel_executor.executor.parallel:loop closed
[3.756s] DEBUG:colcon.colcon_parallel_executor.executor.parallel:run_until_complete finished with '0'
[3.756s] DEBUG:colcon.colcon_core.event_reactor:joining thread
[3.763s] INFO:colcon.colcon_core.plugin_system:Skipping extension 'colcon_notification.desktop_notification.notify_send': Could not find 'notify-send'
[3.763s] INFO:colcon.colcon_core.plugin_system:Skipping extension 'colcon_notification.desktop_notification.terminal_notifier': Not used on non-Darwin systems
[3.763s] INFO:colcon.colcon_core.plugin_system:Skipping extension 'colcon_notification.desktop_notification.win32': Not used on non-Windows systems
[3.763s] INFO:colcon.colcon_notification.desktop_notification:Sending desktop notification using 'notify2'
[3.763s] DEBUG:colcon.colcon_notification.desktop_notification.notify2:Failed to initialize notify2: org.freedesktop.DBus.Error.NotSupported: Unable to autolaunch a dbus-daemon without a $DISPLAY for X11
[3.763s] DEBUG:colcon.colcon_core.event_reactor:joined thread
[3.764s] INFO:colcon.colcon_core.shell:Creating prefix script '/workspace/ros2_ws/install/local_setup.ps1'
[3.765s] INFO:colcon.colcon_core.shell:Creating prefix util module '/workspace/ros2_ws/install/_local_setup_util_ps1.py'
[3.766s] INFO:colcon.colcon_core.shell:Creating prefix chain script '/workspace/ros2_ws/install/setup.ps1'
[3.767s] INFO:colcon.colcon_core.shell:Creating prefix script '/workspace/ros2_ws/install/local_setup.sh'
[3.768s] INFO:colcon.colcon_core.shell:Creating prefix util module '/workspace/ros2_ws/install/_local_setup_util_sh.py'
[3.769s] INFO:colcon.colcon_core.shell:Creating prefix chain script '/workspace/ros2_ws/install/setup.sh'
[3.771s] INFO:colcon.colcon_core.shell:Creating prefix script '/workspace/ros2_ws/install/local_setup.bash'
[3.776s] INFO:colcon.colcon_core.shell:Creating prefix chain script '/workspace/ros2_ws/install/setup.bash'
[3.777s] INFO:colcon.colcon_core.shell:Creating prefix script '/workspace/ros2_ws/install/local_setup.zsh'
[3.778s] INFO:colcon.colcon_core.shell:Creating prefix chain script '/workspace/ros2_ws/install/setup.zsh'
