[0.071s] DEBUG:colcon:Command line arguments: ['/usr/bin/colcon', 'build', '--base-paths', 'ros2_ws/src', '--build-base', 'ros2_ws/build', '--install-base', 'ros2_ws/install', '--symlink-install']
[0.071s] DEBUG:colcon:Parsed command line arguments: Namespace(log_base=None, log_level=None, verb_name='build', build_base='/workspace/ros2_ws/build', install_base='/workspace/ros2_ws/install', merge_install=False, symlink_install=True, test_result_base=None, continue_on_error=False, executor='parallel', parallel_workers=11, event_handlers=None, ignore_user_meta=False, metas=['./colcon.meta'], base_paths=['ros2_ws/src'], packages_ignore=None, packages_ignore_regex=None, paths=None, packages_up_to=None, packages_up_to_regex=None, packages_above=None, packages_above_and_dependencies=None, packages_above_depth=None, packages_select_by_dep=None, packages_skip_by_dep=None, packages_skip_up_to=None, packages_select_build_failed=False, packages_skip_build_finished=False, packages_select_test_failures=False, packages_skip_test_passed=False, packages_select=None, packages_skip=None, packages_select_regex=None, packages_skip_regex=None, packages_start=None, packages_end=None, cmake_args=None, cmake_target=None, cmake_target_skip_unavailable=False, cmake_clean_cache=False, cmake_clean_first=False, cmake_force_configure=False, ament_cmake_args=None, catkin_cmake_args=None, catkin_skip_building_tests=False, mixin_files=None, mixin=None, verb_parser=<colcon_mixin.mixin.mixin_argument.MixinArgumentDecorator object at 0xffffb00b93a0>, verb_extension=<colcon_core.verb.build.BuildVerb object at 0xffffb0119130>, main=<bound method BuildVerb.main of <colcon_core.verb.build.BuildVerb object at 0xffffb0119130>>, mixin_verb=('build',))
[0.099s] Level 1:colcon.colcon_core.package_discovery:discover_packages(colcon_meta) check parameters
[0.099s] INFO:colcon.colcon_metadata.package_discovery.colcon_meta:Using configuration from '/root/.colcon/metadata/default/Gazebo.meta'
[0.100s] INFO:colcon.colcon_metadata.package_discovery.colcon_meta:Using configuration from '/root/.colcon/metadata/default/fastdds.meta'
[0.100s] INFO:colcon.colcon_metadata.package_discovery.colcon_meta:Using configuration from '/root/.colcon/metadata/default/fastrtps.meta'
[0.100s] Level 1:colcon.colcon_core.package_discovery:discover_packages(recursive) check parameters
[0.100s] Level 1:colcon.colcon_core.package_discovery:discover_packages(ignore) check parameters
[0.100s] Level 1:colcon.colcon_core.package_discovery:discover_packages(path) check parameters
[0.100s] Level 1:colcon.colcon_core.package_discovery:discover_packages(recursive) discover
[0.101s] INFO:colcon.colcon_core.package_discovery:Crawling recursively for packages in '/workspace/ros2_ws/src'
[0.101s] Level 1:colcon.colcon_core.package_identification:_identify(ros2_ws/src) by extensions ['ignore', 'ignore_ament_install']
[0.101s] Level 1:colcon.colcon_core.package_identification:_identify(ros2_ws/src) by extension 'ignore'
[0.101s] Level 1:colcon.colcon_core.package_identification:_identify(ros2_ws/src) by extension 'ignore_ament_install'
[0.101s] Level 1:colcon.colcon_core.package_identification:_identify(ros2_ws/src) by extensions ['colcon_pkg']
[0.102s] Level 1:colcon.colcon_core.package_identification:_identify(ros2_ws/src) by extension 'colcon_pkg'
[0.102s] Level 1:colcon.colcon_core.package_identification:_identify(ros2_ws/src) by extensions ['colcon_meta']
[0.102s] Level 1:colcon.colcon_core.package_identification:_identify(ros2_ws/src) by extension 'colcon_meta'
[0.102s] Level 1:colcon.colcon_core.package_identification:_identify(ros2_ws/src) by extensions ['ros']
[0.102s] Level 1:colcon.colcon_core.package_identification:_identify(ros2_ws/src) by extension 'ros'
[0.119s] Level 1:colcon.colcon_core.package_identification:_identify(ros2_ws/src) by extensions ['cmake', 'python']
[0.119s] Level 1:colcon.colcon_core.package_identification:_identify(ros2_ws/src) by extension 'cmake'
[0.119s] Level 1:colcon.colcon_core.package_identification:_identify(ros2_ws/src) by extension 'python'
[0.119s] Level 1:colcon.colcon_core.package_identification:_identify(ros2_ws/src) by extensions ['python_setup_py']
[0.119s] Level 1:colcon.colcon_core.package_identification:_identify(ros2_ws/src) by extension 'python_setup_py'
[0.119s] Level 1:colcon.colcon_core.package_identification:_identify(ros2_ws/src/neuravac_base) by extensions ['ignore', 'ignore_ament_install']
[0.120s] Level 1:colcon.colcon_core.package_identification:_identify(ros2_ws/src/neuravac_base) by extension 'ignore'
[0.120s] Level 1:colcon.colcon_core.package_identification:_identify(ros2_ws/src/neuravac_base) by extension 'ignore_ament_install'
[0.120s] Level 1:colcon.colcon_core.package_identification:_identify(ros2_ws/src/neuravac_base) by extensions ['colcon_pkg']
[0.120s] Level 1:colcon.colcon_core.package_identification:_identify(ros2_ws/src/neuravac_base) by extension 'colcon_pkg'
[0.120s] Level 1:colcon.colcon_core.package_identification:_identify(ros2_ws/src/neuravac_base) by extensions ['colcon_meta']
[0.120s] Level 1:colcon.colcon_core.package_identification:_identify(ros2_ws/src/neuravac_base) by extension 'colcon_meta'
[0.120s] Level 1:colcon.colcon_core.package_identification:_identify(ros2_ws/src/neuravac_base) by extensions ['ros']
[0.120s] Level 1:colcon.colcon_core.package_identification:_identify(ros2_ws/src/neuravac_base) by extension 'ros'
[0.122s] DEBUG:colcon.colcon_core.package_identification:Package 'ros2_ws/src/neuravac_base' with type 'ros.ament_python' and name 'neuravac_base'
[0.122s] Level 1:colcon.colcon_core.package_identification:_identify(ros2_ws/src/neuravac_bringup) by extensions ['ignore', 'ignore_ament_install']
[0.123s] Level 1:colcon.colcon_core.package_identification:_identify(ros2_ws/src/neuravac_bringup) by extension 'ignore'
[0.123s] Level 1:colcon.colcon_core.package_identification:_identify(ros2_ws/src/neuravac_bringup) by extension 'ignore_ament_install'
[0.123s] Level 1:colcon.colcon_core.package_identification:_identify(ros2_ws/src/neuravac_bringup) by extensions ['colcon_pkg']
[0.123s] Level 1:colcon.colcon_core.package_identification:_identify(ros2_ws/src/neuravac_bringup) by extension 'colcon_pkg'
[0.123s] Level 1:colcon.colcon_core.package_identification:_identify(ros2_ws/src/neuravac_bringup) by extensions ['colcon_meta']
[0.123s] Level 1:colcon.colcon_core.package_identification:_identify(ros2_ws/src/neuravac_bringup) by extension 'colcon_meta'
[0.123s] Level 1:colcon.colcon_core.package_identification:_identify(ros2_ws/src/neuravac_bringup) by extensions ['ros']
[0.123s] Level 1:colcon.colcon_core.package_identification:_identify(ros2_ws/src/neuravac_bringup) by extension 'ros'
[0.124s] DEBUG:colcon.colcon_core.package_identification:Package 'ros2_ws/src/neuravac_bringup' with type 'ros.ament_python' and name 'neuravac_bringup'
[0.124s] Level 1:colcon.colcon_core.package_identification:_identify(ros2_ws/src/neuravac_cleaning) by extensions ['ignore', 'ignore_ament_install']
[0.124s] Level 1:colcon.colcon_core.package_identification:_identify(ros2_ws/src/neuravac_cleaning) by extension 'ignore'
[0.124s] Level 1:colcon.colcon_core.package_identification:_identify(ros2_ws/src/neuravac_cleaning) by extension 'ignore_ament_install'
[0.124s] Level 1:colcon.colcon_core.package_identification:_identify(ros2_ws/src/neuravac_cleaning) by extensions ['colcon_pkg']
[0.124s] Level 1:colcon.colcon_core.package_identification:_identify(ros2_ws/src/neuravac_cleaning) by extension 'colcon_pkg'
[0.124s] Level 1:colcon.colcon_core.package_identification:_identify(ros2_ws/src/neuravac_cleaning) by extensions ['colcon_meta']
[0.124s] Level 1:colcon.colcon_core.package_identification:_identify(ros2_ws/src/neuravac_cleaning) by extension 'colcon_meta'
[0.124s] Level 1:colcon.colcon_core.package_identification:_identify(ros2_ws/src/neuravac_cleaning) by extensions ['ros']
[0.124s] Level 1:colcon.colcon_core.package_identification:_identify(ros2_ws/src/neuravac_cleaning) by extension 'ros'
[0.125s] DEBUG:colcon.colcon_core.package_identification:Package 'ros2_ws/src/neuravac_cleaning' with type 'ros.ament_python' and name 'neuravac_cleaning'
[0.125s] Level 1:colcon.colcon_core.package_identification:_identify(ros2_ws/src/neuravac_cloud) by extensions ['ignore', 'ignore_ament_install']
[0.125s] Level 1:colcon.colcon_core.package_identification:_identify(ros2_ws/src/neuravac_cloud) by extension 'ignore'
[0.125s] Level 1:colcon.colcon_core.package_identification:_identify(ros2_ws/src/neuravac_cloud) by extension 'ignore_ament_install'
[0.125s] Level 1:colcon.colcon_core.package_identification:_identify(ros2_ws/src/neuravac_cloud) by extensions ['colcon_pkg']
[0.125s] Level 1:colcon.colcon_core.package_identification:_identify(ros2_ws/src/neuravac_cloud) by extension 'colcon_pkg'
[0.125s] Level 1:colcon.colcon_core.package_identification:_identify(ros2_ws/src/neuravac_cloud) by extensions ['colcon_meta']
[0.125s] Level 1:colcon.colcon_core.package_identification:_identify(ros2_ws/src/neuravac_cloud) by extension 'colcon_meta'
[0.125s] Level 1:colcon.colcon_core.package_identification:_identify(ros2_ws/src/neuravac_cloud) by extensions ['ros']
[0.125s] Level 1:colcon.colcon_core.package_identification:_identify(ros2_ws/src/neuravac_cloud) by extension 'ros'
[0.126s] DEBUG:colcon.colcon_core.package_identification:Package 'ros2_ws/src/neuravac_cloud' with type 'ros.ament_python' and name 'neuravac_cloud'
[0.126s] Level 1:colcon.colcon_core.package_identification:_identify(ros2_ws/src/neuravac_dashboard) by extensions ['ignore', 'ignore_ament_install']
[0.126s] Level 1:colcon.colcon_core.package_identification:_identify(ros2_ws/src/neuravac_dashboard) by extension 'ignore'
[0.126s] Level 1:colcon.colcon_core.package_identification:_identify(ros2_ws/src/neuravac_dashboard) by extension 'ignore_ament_install'
[0.126s] Level 1:colcon.colcon_core.package_identification:_identify(ros2_ws/src/neuravac_dashboard) by extensions ['colcon_pkg']
[0.126s] Level 1:colcon.colcon_core.package_identification:_identify(ros2_ws/src/neuravac_dashboard) by extension 'colcon_pkg'
[0.126s] Level 1:colcon.colcon_core.package_identification:_identify(ros2_ws/src/neuravac_dashboard) by extensions ['colcon_meta']
[0.126s] Level 1:colcon.colcon_core.package_identification:_identify(ros2_ws/src/neuravac_dashboard) by extension 'colcon_meta'
[0.126s] Level 1:colcon.colcon_core.package_identification:_identify(ros2_ws/src/neuravac_dashboard) by extensions ['ros']
[0.127s] Level 1:colcon.colcon_core.package_identification:_identify(ros2_ws/src/neuravac_dashboard) by extension 'ros'
[0.127s] DEBUG:colcon.colcon_core.package_identification:Package 'ros2_ws/src/neuravac_dashboard' with type 'ros.ament_python' and name 'neuravac_dashboard'
[0.127s] Level 1:colcon.colcon_core.package_identification:_identify(ros2_ws/src/neuravac_perception) by extensions ['ignore', 'ignore_ament_install']
[0.127s] Level 1:colcon.colcon_core.package_identification:_identify(ros2_ws/src/neuravac_perception) by extension 'ignore'
[0.127s] Level 1:colcon.colcon_core.package_identification:_identify(ros2_ws/src/neuravac_perception) by extension 'ignore_ament_install'
[0.127s] Level 1:colcon.colcon_core.package_identification:_identify(ros2_ws/src/neuravac_perception) by extensions ['colcon_pkg']
[0.127s] Level 1:colcon.colcon_core.package_identification:_identify(ros2_ws/src/neuravac_perception) by extension 'colcon_pkg'
[0.127s] Level 1:colcon.colcon_core.package_identification:_identify(ros2_ws/src/neuravac_perception) by extensions ['colcon_meta']
[0.127s] Level 1:colcon.colcon_core.package_identification:_identify(ros2_ws/src/neuravac_perception) by extension 'colcon_meta'
[0.127s] Level 1:colcon.colcon_core.package_identification:_identify(ros2_ws/src/neuravac_perception) by extensions ['ros']
[0.127s] Level 1:colcon.colcon_core.package_identification:_identify(ros2_ws/src/neuravac_perception) by extension 'ros'
[0.128s] DEBUG:colcon.colcon_core.package_identification:Package 'ros2_ws/src/neuravac_perception' with type 'ros.ament_python' and name 'neuravac_perception'
[0.128s] Level 1:colcon.colcon_core.package_identification:_identify(ros2_ws/src/neuravac_planner) by extensions ['ignore', 'ignore_ament_install']
[0.128s] Level 1:colcon.colcon_core.package_identification:_identify(ros2_ws/src/neuravac_planner) by extension 'ignore'
[0.128s] Level 1:colcon.colcon_core.package_identification:_identify(ros2_ws/src/neuravac_planner) by extension 'ignore_ament_install'
[0.128s] Level 1:colcon.colcon_core.package_identification:_identify(ros2_ws/src/neuravac_planner) by extensions ['colcon_pkg']
[0.128s] Level 1:colcon.colcon_core.package_identification:_identify(ros2_ws/src/neuravac_planner) by extension 'colcon_pkg'
[0.128s] Level 1:colcon.colcon_core.package_identification:_identify(ros2_ws/src/neuravac_planner) by extensions ['colcon_meta']
[0.128s] Level 1:colcon.colcon_core.package_identification:_identify(ros2_ws/src/neuravac_planner) by extension 'colcon_meta'
[0.128s] Level 1:colcon.colcon_core.package_identification:_identify(ros2_ws/src/neuravac_planner) by extensions ['ros']
[0.128s] Level 1:colcon.colcon_core.package_identification:_identify(ros2_ws/src/neuravac_planner) by extension 'ros'
[0.129s] DEBUG:colcon.colcon_core.package_identification:Package 'ros2_ws/src/neuravac_planner' with type 'ros.ament_python' and name 'neuravac_planner'
[0.129s] Level 1:colcon.colcon_core.package_identification:_identify(ros2_ws/src/neuravac_safety) by extensions ['ignore', 'ignore_ament_install']
[0.129s] Level 1:colcon.colcon_core.package_identification:_identify(ros2_ws/src/neuravac_safety) by extension 'ignore'
[0.129s] Level 1:colcon.colcon_core.package_identification:_identify(ros2_ws/src/neuravac_safety) by extension 'ignore_ament_install'
[0.129s] Level 1:colcon.colcon_core.package_identification:_identify(ros2_ws/src/neuravac_safety) by extensions ['colcon_pkg']
[0.129s] Level 1:colcon.colcon_core.package_identification:_identify(ros2_ws/src/neuravac_safety) by extension 'colcon_pkg'
[0.129s] Level 1:colcon.colcon_core.package_identification:_identify(ros2_ws/src/neuravac_safety) by extensions ['colcon_meta']
[0.129s] Level 1:colcon.colcon_core.package_identification:_identify(ros2_ws/src/neuravac_safety) by extension 'colcon_meta'
[0.129s] Level 1:colcon.colcon_core.package_identification:_identify(ros2_ws/src/neuravac_safety) by extensions ['ros']
[0.129s] Level 1:colcon.colcon_core.package_identification:_identify(ros2_ws/src/neuravac_safety) by extension 'ros'
[0.130s] DEBUG:colcon.colcon_core.package_identification:Package 'ros2_ws/src/neuravac_safety' with type 'ros.ament_python' and name 'neuravac_safety'
[0.130s] Level 1:colcon.colcon_core.package_identification:_identify(ros2_ws/src/neuravac_semantic_map) by extensions ['ignore', 'ignore_ament_install']
[0.130s] Level 1:colcon.colcon_core.package_identification:_identify(ros2_ws/src/neuravac_semantic_map) by extension 'ignore'
[0.130s] Level 1:colcon.colcon_core.package_identification:_identify(ros2_ws/src/neuravac_semantic_map) by extension 'ignore_ament_install'
[0.130s] Level 1:colcon.colcon_core.package_identification:_identify(ros2_ws/src/neuravac_semantic_map) by extensions ['colcon_pkg']
[0.130s] Level 1:colcon.colcon_core.package_identification:_identify(ros2_ws/src/neuravac_semantic_map) by extension 'colcon_pkg'
[0.130s] Level 1:colcon.colcon_core.package_identification:_identify(ros2_ws/src/neuravac_semantic_map) by extensions ['colcon_meta']
[0.130s] Level 1:colcon.colcon_core.package_identification:_identify(ros2_ws/src/neuravac_semantic_map) by extension 'colcon_meta'
[0.130s] Level 1:colcon.colcon_core.package_identification:_identify(ros2_ws/src/neuravac_semantic_map) by extensions ['ros']
[0.130s] Level 1:colcon.colcon_core.package_identification:_identify(ros2_ws/src/neuravac_semantic_map) by extension 'ros'
[0.131s] DEBUG:colcon.colcon_core.package_identification:Package 'ros2_ws/src/neuravac_semantic_map' with type 'ros.ament_python' and name 'neuravac_semantic_map'
[0.131s] Level 1:colcon.colcon_core.package_identification:_identify(ros2_ws/src/neuravac_world_model) by extensions ['ignore', 'ignore_ament_install']
[0.131s] Level 1:colcon.colcon_core.package_identification:_identify(ros2_ws/src/neuravac_world_model) by extension 'ignore'
[0.131s] Level 1:colcon.colcon_core.package_identification:_identify(ros2_ws/src/neuravac_world_model) by extension 'ignore_ament_install'
[0.131s] Level 1:colcon.colcon_core.package_identification:_identify(ros2_ws/src/neuravac_world_model) by extensions ['colcon_pkg']
[0.131s] Level 1:colcon.colcon_core.package_identification:_identify(ros2_ws/src/neuravac_world_model) by extension 'colcon_pkg'
[0.131s] Level 1:colcon.colcon_core.package_identification:_identify(ros2_ws/src/neuravac_world_model) by extensions ['colcon_meta']
[0.131s] Level 1:colcon.colcon_core.package_identification:_identify(ros2_ws/src/neuravac_world_model) by extension 'colcon_meta'
[0.131s] Level 1:colcon.colcon_core.package_identification:_identify(ros2_ws/src/neuravac_world_model) by extensions ['ros']
[0.131s] Level 1:colcon.colcon_core.package_identification:_identify(ros2_ws/src/neuravac_world_model) by extension 'ros'
[0.132s] DEBUG:colcon.colcon_core.package_identification:Package 'ros2_ws/src/neuravac_world_model' with type 'ros.ament_python' and name 'neuravac_world_model'
[0.132s] Level 1:colcon.colcon_core.package_discovery:discover_packages(recursive) using defaults
[0.145s] Level 5:colcon.colcon_core.verb:set package 'neuravac_base' build argument 'cmake_args' from command line to 'None'
[0.146s] Level 5:colcon.colcon_core.verb:set package 'neuravac_base' build argument 'cmake_target' from command line to 'None'
[0.146s] Level 5:colcon.colcon_core.verb:set package 'neuravac_base' build argument 'cmake_target_skip_unavailable' from command line to 'False'
[0.146s] Level 5:colcon.colcon_core.verb:set package 'neuravac_base' build argument 'cmake_clean_cache' from command line to 'False'
[0.146s] Level 5:colcon.colcon_core.verb:set package 'neuravac_base' build argument 'cmake_clean_first' from command line to 'False'
[0.146s] Level 5:colcon.colcon_core.verb:set package 'neuravac_base' build argument 'cmake_force_configure' from command line to 'False'
[0.146s] Level 5:colcon.colcon_core.verb:set package 'neuravac_base' build argument 'ament_cmake_args' from command line to 'None'
[0.146s] Level 5:colcon.colcon_core.verb:set package 'neuravac_base' build argument 'catkin_cmake_args' from command line to 'None'
[0.146s] Level 5:colcon.colcon_core.verb:set package 'neuravac_base' build argument 'catkin_skip_building_tests' from command line to 'False'
[0.146s] DEBUG:colcon.colcon_core.verb:Building package 'neuravac_base' with the following arguments: {'ament_cmake_args': None, 'build_base': '/workspace/ros2_ws/build/neuravac_base', 'catkin_cmake_args': None, 'catkin_skip_building_tests': False, 'cmake_args': None, 'cmake_clean_cache': False, 'cmake_clean_first': False, 'cmake_force_configure': False, 'cmake_target': None, 'cmake_target_skip_unavailable': False, 'install_base': '/workspace/ros2_ws/install/neuravac_base', 'merge_install': False, 'path': '/workspace/ros2_ws/src/neuravac_base', 'symlink_install': True, 'test_result_base': None}
[0.146s] Level 5:colcon.colcon_core.verb:set package 'neuravac_cleaning' build argument 'cmake_args' from command line to 'None'
[0.146s] Level 5:colcon.colcon_core.verb:set package 'neuravac_cleaning' build argument 'cmake_target' from command line to 'None'
[0.146s] Level 5:colcon.colcon_core.verb:set package 'neuravac_cleaning' build argument 'cmake_target_skip_unavailable' from command line to 'False'
[0.146s] Level 5:colcon.colcon_core.verb:set package 'neuravac_cleaning' build argument 'cmake_clean_cache' from command line to 'False'
[0.146s] Level 5:colcon.colcon_core.verb:set package 'neuravac_cleaning' build argument 'cmake_clean_first' from command line to 'False'
[0.146s] Level 5:colcon.colcon_core.verb:set package 'neuravac_cleaning' build argument 'cmake_force_configure' from command line to 'False'
[0.146s] Level 5:colcon.colcon_core.verb:set package 'neuravac_cleaning' build argument 'ament_cmake_args' from command line to 'None'
[0.146s] Level 5:colcon.colcon_core.verb:set package 'neuravac_cleaning' build argument 'catkin_cmake_args' from command line to 'None'
[0.146s] Level 5:colcon.colcon_core.verb:set package 'neuravac_cleaning' build argument 'catkin_skip_building_tests' from command line to 'False'
[0.146s] DEBUG:colcon.colcon_core.verb:Building package 'neuravac_cleaning' with the following arguments: {'ament_cmake_args': None, 'build_base': '/workspace/ros2_ws/build/neuravac_cleaning', 'catkin_cmake_args': None, 'catkin_skip_building_tests': False, 'cmake_args': None, 'cmake_clean_cache': False, 'cmake_clean_first': False, 'cmake_force_configure': False, 'cmake_target': None, 'cmake_target_skip_unavailable': False, 'install_base': '/workspace/ros2_ws/install/neuravac_cleaning', 'merge_install': False, 'path': '/workspace/ros2_ws/src/neuravac_cleaning', 'symlink_install': True, 'test_result_base': None}
[0.146s] Level 5:colcon.colcon_core.verb:set package 'neuravac_cloud' build argument 'cmake_args' from command line to 'None'
[0.146s] Level 5:colcon.colcon_core.verb:set package 'neuravac_cloud' build argument 'cmake_target' from command line to 'None'
[0.146s] Level 5:colcon.colcon_core.verb:set package 'neuravac_cloud' build argument 'cmake_target_skip_unavailable' from command line to 'False'
[0.146s] Level 5:colcon.colcon_core.verb:set package 'neuravac_cloud' build argument 'cmake_clean_cache' from command line to 'False'
[0.146s] Level 5:colcon.colcon_core.verb:set package 'neuravac_cloud' build argument 'cmake_clean_first' from command line to 'False'
[0.147s] Level 5:colcon.colcon_core.verb:set package 'neuravac_cloud' build argument 'cmake_force_configure' from command line to 'False'
[0.147s] Level 5:colcon.colcon_core.verb:set package 'neuravac_cloud' build argument 'ament_cmake_args' from command line to 'None'
[0.147s] Level 5:colcon.colcon_core.verb:set package 'neuravac_cloud' build argument 'catkin_cmake_args' from command line to 'None'
[0.147s] Level 5:colcon.colcon_core.verb:set package 'neuravac_cloud' build argument 'catkin_skip_building_tests' from command line to 'False'
[0.147s] DEBUG:colcon.colcon_core.verb:Building package 'neuravac_cloud' with the following arguments: {'ament_cmake_args': None, 'build_base': '/workspace/ros2_ws/build/neuravac_cloud', 'catkin_cmake_args': None, 'catkin_skip_building_tests': False, 'cmake_args': None, 'cmake_clean_cache': False, 'cmake_clean_first': False, 'cmake_force_configure': False, 'cmake_target': None, 'cmake_target_skip_unavailable': False, 'install_base': '/workspace/ros2_ws/install/neuravac_cloud', 'merge_install': False, 'path': '/workspace/ros2_ws/src/neuravac_cloud', 'symlink_install': True, 'test_result_base': None}
[0.147s] Level 5:colcon.colcon_core.verb:set package 'neuravac_dashboard' build argument 'cmake_args' from command line to 'None'
[0.147s] Level 5:colcon.colcon_core.verb:set package 'neuravac_dashboard' build argument 'cmake_target' from command line to 'None'
[0.147s] Level 5:colcon.colcon_core.verb:set package 'neuravac_dashboard' build argument 'cmake_target_skip_unavailable' from command line to 'False'
[0.147s] Level 5:colcon.colcon_core.verb:set package 'neuravac_dashboard' build argument 'cmake_clean_cache' from command line to 'False'
[0.147s] Level 5:colcon.colcon_core.verb:set package 'neuravac_dashboard' build argument 'cmake_clean_first' from command line to 'False'
[0.147s] Level 5:colcon.colcon_core.verb:set package 'neuravac_dashboard' build argument 'cmake_force_configure' from command line to 'False'
[0.147s] Level 5:colcon.colcon_core.verb:set package 'neuravac_dashboard' build argument 'ament_cmake_args' from command line to 'None'
[0.147s] Level 5:colcon.colcon_core.verb:set package 'neuravac_dashboard' build argument 'catkin_cmake_args' from command line to 'None'
[0.147s] Level 5:colcon.colcon_core.verb:set package 'neuravac_dashboard' build argument 'catkin_skip_building_tests' from command line to 'False'
[0.147s] DEBUG:colcon.colcon_core.verb:Building package 'neuravac_dashboard' with the following arguments: {'ament_cmake_args': None, 'build_base': '/workspace/ros2_ws/build/neuravac_dashboard', 'catkin_cmake_args': None, 'catkin_skip_building_tests': False, 'cmake_args': None, 'cmake_clean_cache': False, 'cmake_clean_first': False, 'cmake_force_configure': False, 'cmake_target': None, 'cmake_target_skip_unavailable': False, 'install_base': '/workspace/ros2_ws/install/neuravac_dashboard', 'merge_install': False, 'path': '/workspace/ros2_ws/src/neuravac_dashboard', 'symlink_install': True, 'test_result_base': None}
[0.147s] Level 5:colcon.colcon_core.verb:set package 'neuravac_perception' build argument 'cmake_args' from command line to 'None'
[0.147s] Level 5:colcon.colcon_core.verb:set package 'neuravac_perception' build argument 'cmake_target' from command line to 'None'
[0.147s] Level 5:colcon.colcon_core.verb:set package 'neuravac_perception' build argument 'cmake_target_skip_unavailable' from command line to 'False'
[0.147s] Level 5:colcon.colcon_core.verb:set package 'neuravac_perception' build argument 'cmake_clean_cache' from command line to 'False'
[0.147s] Level 5:colcon.colcon_core.verb:set package 'neuravac_perception' build argument 'cmake_clean_first' from command line to 'False'
[0.147s] Level 5:colcon.colcon_core.verb:set package 'neuravac_perception' build argument 'cmake_force_configure' from command line to 'False'
[0.147s] Level 5:colcon.colcon_core.verb:set package 'neuravac_perception' build argument 'ament_cmake_args' from command line to 'None'
[0.147s] Level 5:colcon.colcon_core.verb:set package 'neuravac_perception' build argument 'catkin_cmake_args' from command line to 'None'
[0.147s] Level 5:colcon.colcon_core.verb:set package 'neuravac_perception' build argument 'catkin_skip_building_tests' from command line to 'False'
[0.147s] DEBUG:colcon.colcon_core.verb:Building package 'neuravac_perception' with the following arguments: {'ament_cmake_args': None, 'build_base': '/workspace/ros2_ws/build/neuravac_perception', 'catkin_cmake_args': None, 'catkin_skip_building_tests': False, 'cmake_args': None, 'cmake_clean_cache': False, 'cmake_clean_first': False, 'cmake_force_configure': False, 'cmake_target': None, 'cmake_target_skip_unavailable': False, 'install_base': '/workspace/ros2_ws/install/neuravac_perception', 'merge_install': False, 'path': '/workspace/ros2_ws/src/neuravac_perception', 'symlink_install': True, 'test_result_base': None}
[0.148s] Level 5:colcon.colcon_core.verb:set package 'neuravac_planner' build argument 'cmake_args' from command line to 'None'
[0.148s] Level 5:colcon.colcon_core.verb:set package 'neuravac_planner' build argument 'cmake_target' from command line to 'None'
[0.148s] Level 5:colcon.colcon_core.verb:set package 'neuravac_planner' build argument 'cmake_target_skip_unavailable' from command line to 'False'
[0.148s] Level 5:colcon.colcon_core.verb:set package 'neuravac_planner' build argument 'cmake_clean_cache' from command line to 'False'
[0.148s] Level 5:colcon.colcon_core.verb:set package 'neuravac_planner' build argument 'cmake_clean_first' from command line to 'False'
[0.148s] Level 5:colcon.colcon_core.verb:set package 'neuravac_planner' build argument 'cmake_force_configure' from command line to 'False'
[0.148s] Level 5:colcon.colcon_core.verb:set package 'neuravac_planner' build argument 'ament_cmake_args' from command line to 'None'
[0.148s] Level 5:colcon.colcon_core.verb:set package 'neuravac_planner' build argument 'catkin_cmake_args' from command line to 'None'
[0.148s] Level 5:colcon.colcon_core.verb:set package 'neuravac_planner' build argument 'catkin_skip_building_tests' from command line to 'False'
[0.148s] DEBUG:colcon.colcon_core.verb:Building package 'neuravac_planner' with the following arguments: {'ament_cmake_args': None, 'build_base': '/workspace/ros2_ws/build/neuravac_planner', 'catkin_cmake_args': None, 'catkin_skip_building_tests': False, 'cmake_args': None, 'cmake_clean_cache': False, 'cmake_clean_first': False, 'cmake_force_configure': False, 'cmake_target': None, 'cmake_target_skip_unavailable': False, 'install_base': '/workspace/ros2_ws/install/neuravac_planner', 'merge_install': False, 'path': '/workspace/ros2_ws/src/neuravac_planner', 'symlink_install': True, 'test_result_base': None}
[0.148s] Level 5:colcon.colcon_core.verb:set package 'neuravac_safety' build argument 'cmake_args' from command line to 'None'
[0.148s] Level 5:colcon.colcon_core.verb:set package 'neuravac_safety' build argument 'cmake_target' from command line to 'None'
[0.148s] Level 5:colcon.colcon_core.verb:set package 'neuravac_safety' build argument 'cmake_target_skip_unavailable' from command line to 'False'
[0.148s] Level 5:colcon.colcon_core.verb:set package 'neuravac_safety' build argument 'cmake_clean_cache' from command line to 'False'
[0.148s] Level 5:colcon.colcon_core.verb:set package 'neuravac_safety' build argument 'cmake_clean_first' from command line to 'False'
[0.148s] Level 5:colcon.colcon_core.verb:set package 'neuravac_safety' build argument 'cmake_force_configure' from command line to 'False'
[0.148s] Level 5:colcon.colcon_core.verb:set package 'neuravac_safety' build argument 'ament_cmake_args' from command line to 'None'
[0.148s] Level 5:colcon.colcon_core.verb:set package 'neuravac_safety' build argument 'catkin_cmake_args' from command line to 'None'
[0.148s] Level 5:colcon.colcon_core.verb:set package 'neuravac_safety' build argument 'catkin_skip_building_tests' from command line to 'False'
[0.148s] DEBUG:colcon.colcon_core.verb:Building package 'neuravac_safety' with the following arguments: {'ament_cmake_args': None, 'build_base': '/workspace/ros2_ws/build/neuravac_safety', 'catkin_cmake_args': None, 'catkin_skip_building_tests': False, 'cmake_args': None, 'cmake_clean_cache': False, 'cmake_clean_first': False, 'cmake_force_configure': False, 'cmake_target': None, 'cmake_target_skip_unavailable': False, 'install_base': '/workspace/ros2_ws/install/neuravac_safety', 'merge_install': False, 'path': '/workspace/ros2_ws/src/neuravac_safety', 'symlink_install': True, 'test_result_base': None}
[0.148s] Level 5:colcon.colcon_core.verb:set package 'neuravac_semantic_map' build argument 'cmake_args' from command line to 'None'
[0.149s] Level 5:colcon.colcon_core.verb:set package 'neuravac_semantic_map' build argument 'cmake_target' from command line to 'None'
[0.149s] Level 5:colcon.colcon_core.verb:set package 'neuravac_semantic_map' build argument 'cmake_target_skip_unavailable' from command line to 'False'
[0.149s] Level 5:colcon.colcon_core.verb:set package 'neuravac_semantic_map' build argument 'cmake_clean_cache' from command line to 'False'
[0.149s] Level 5:colcon.colcon_core.verb:set package 'neuravac_semantic_map' build argument 'cmake_clean_first' from command line to 'False'
[0.149s] Level 5:colcon.colcon_core.verb:set package 'neuravac_semantic_map' build argument 'cmake_force_configure' from command line to 'False'
[0.149s] Level 5:colcon.colcon_core.verb:set package 'neuravac_semantic_map' build argument 'ament_cmake_args' from command line to 'None'
[0.149s] Level 5:colcon.colcon_core.verb:set package 'neuravac_semantic_map' build argument 'catkin_cmake_args' from command line to 'None'
[0.149s] Level 5:colcon.colcon_core.verb:set package 'neuravac_semantic_map' build argument 'catkin_skip_building_tests' from command line to 'False'
[0.149s] DEBUG:colcon.colcon_core.verb:Building package 'neuravac_semantic_map' with the following arguments: {'ament_cmake_args': None, 'build_base': '/workspace/ros2_ws/build/neuravac_semantic_map', 'catkin_cmake_args': None, 'catkin_skip_building_tests': False, 'cmake_args': None, 'cmake_clean_cache': False, 'cmake_clean_first': False, 'cmake_force_configure': False, 'cmake_target': None, 'cmake_target_skip_unavailable': False, 'install_base': '/workspace/ros2_ws/install/neuravac_semantic_map', 'merge_install': False, 'path': '/workspace/ros2_ws/src/neuravac_semantic_map', 'symlink_install': True, 'test_result_base': None}
[0.149s] Level 5:colcon.colcon_core.verb:set package 'neuravac_world_model' build argument 'cmake_args' from command line to 'None'
[0.149s] Level 5:colcon.colcon_core.verb:set package 'neuravac_world_model' build argument 'cmake_target' from command line to 'None'
[0.149s] Level 5:colcon.colcon_core.verb:set package 'neuravac_world_model' build argument 'cmake_target_skip_unavailable' from command line to 'False'
[0.149s] Level 5:colcon.colcon_core.verb:set package 'neuravac_world_model' build argument 'cmake_clean_cache' from command line to 'False'
[0.149s] Level 5:colcon.colcon_core.verb:set package 'neuravac_world_model' build argument 'cmake_clean_first' from command line to 'False'
[0.149s] Level 5:colcon.colcon_core.verb:set package 'neuravac_world_model' build argument 'cmake_force_configure' from command line to 'False'
[0.149s] Level 5:colcon.colcon_core.verb:set package 'neuravac_world_model' build argument 'ament_cmake_args' from command line to 'None'
[0.149s] Level 5:colcon.colcon_core.verb:set package 'neuravac_world_model' build argument 'catkin_cmake_args' from command line to 'None'
[0.149s] Level 5:colcon.colcon_core.verb:set package 'neuravac_world_model' build argument 'catkin_skip_building_tests' from command line to 'False'
[0.149s] DEBUG:colcon.colcon_core.verb:Building package 'neuravac_world_model' with the following arguments: {'ament_cmake_args': None, 'build_base': '/workspace/ros2_ws/build/neuravac_world_model', 'catkin_cmake_args': None, 'catkin_skip_building_tests': False, 'cmake_args': None, 'cmake_clean_cache': False, 'cmake_clean_first': False, 'cmake_force_configure': False, 'cmake_target': None, 'cmake_target_skip_unavailable': False, 'install_base': '/workspace/ros2_ws/install/neuravac_world_model', 'merge_install': False, 'path': '/workspace/ros2_ws/src/neuravac_world_model', 'symlink_install': True, 'test_result_base': None}
[0.149s] Level 5:colcon.colcon_core.verb:set package 'neuravac_bringup' build argument 'cmake_args' from command line to 'None'
[0.149s] Level 5:colcon.colcon_core.verb:set package 'neuravac_bringup' build argument 'cmake_target' from command line to 'None'
[0.149s] Level 5:colcon.colcon_core.verb:set package 'neuravac_bringup' build argument 'cmake_target_skip_unavailable' from command line to 'False'
[0.149s] Level 5:colcon.colcon_core.verb:set package 'neuravac_bringup' build argument 'cmake_clean_cache' from command line to 'False'
[0.149s] Level 5:colcon.colcon_core.verb:set package 'neuravac_bringup' build argument 'cmake_clean_first' from command line to 'False'
[0.149s] Level 5:colcon.colcon_core.verb:set package 'neuravac_bringup' build argument 'cmake_force_configure' from command line to 'False'
[0.149s] Level 5:colcon.colcon_core.verb:set package 'neuravac_bringup' build argument 'ament_cmake_args' from command line to 'None'
[0.149s] Level 5:colcon.colcon_core.verb:set package 'neuravac_bringup' build argument 'catkin_cmake_args' from command line to 'None'
[0.149s] Level 5:colcon.colcon_core.verb:set package 'neuravac_bringup' build argument 'catkin_skip_building_tests' from command line to 'False'
[0.150s] DEBUG:colcon.colcon_core.verb:Building package 'neuravac_bringup' with the following arguments: {'ament_cmake_args': None, 'build_base': '/workspace/ros2_ws/build/neuravac_bringup', 'catkin_cmake_args': None, 'catkin_skip_building_tests': False, 'cmake_args': None, 'cmake_clean_cache': False, 'cmake_clean_first': False, 'cmake_force_configure': False, 'cmake_target': None, 'cmake_target_skip_unavailable': False, 'install_base': '/workspace/ros2_ws/install/neuravac_bringup', 'merge_install': False, 'path': '/workspace/ros2_ws/src/neuravac_bringup', 'symlink_install': True, 'test_result_base': None}
[0.150s] INFO:colcon.colcon_core.executor:Executing jobs using 'parallel' executor
[0.150s] DEBUG:colcon.colcon_parallel_executor.executor.parallel:run_until_complete
[0.150s] INFO:colcon.colcon_ros.task.ament_python.build:Building ROS package in '/workspace/ros2_ws/src/neuravac_base' with build type 'ament_python'
[0.150s] Level 1:colcon.colcon_core.shell:create_environment_hook('neuravac_base', 'ament_prefix_path')
[0.152s] INFO:colcon.colcon_core.plugin_system:Skipping extension 'colcon_core.shell.bat': Not used on non-Windows systems
[0.152s] INFO:colcon.colcon_core.shell:Creating environment hook '/workspace/ros2_ws/install/neuravac_base/share/neuravac_base/hook/ament_prefix_path.ps1'
[0.153s] INFO:colcon.colcon_core.shell:Creating environment descriptor '/workspace/ros2_ws/install/neuravac_base/share/neuravac_base/hook/ament_prefix_path.dsv'
[0.154s] INFO:colcon.colcon_core.shell:Creating environment hook '/workspace/ros2_ws/install/neuravac_base/share/neuravac_base/hook/ament_prefix_path.sh'
[0.155s] INFO:colcon.colcon_core.shell:Skip shell extension 'powershell' for command environment: Not usable outside of PowerShell
[0.155s] DEBUG:colcon.colcon_core.shell:Skip shell extension 'dsv' for command environment
[0.281s] INFO:colcon.colcon_core.task.python.build:Building Python package in '/workspace/ros2_ws/src/neuravac_base'
[0.281s] INFO:colcon.colcon_core.shell:Skip shell extension 'powershell' for command environment: Not usable outside of PowerShell
[0.281s] DEBUG:colcon.colcon_core.shell:Skip shell extension 'dsv' for command environment
[0.527s] DEBUG:colcon.colcon_core.task.python.build:Available setuptools commands: check, test, bdist_egg, symlink_data, install_data, bdist_wheel, build_ext, install_scripts, rotate, editable_wheel, setopt, alias, easy_install, clean, bdist_rpm, upload, build_scripts, egg_info, build_py, install_headers, sdist, build, upload_docs, install_egg_info, install, bdist, register, dist_info, install_lib, saveopts, develop, bdist_dumb, build_clib
[0.668s] DEBUG:colcon.colcon_core.task.python.build:Available setuptools 'develop' options: --allow-hosts, --index-url, --no-user-cfg, --build-directory, --quiet, --always-copy, --record, --verbose, --exclude-scripts, --no-deps, --force-installation-into-system-dir, --local-snapshots-ok, --editable, --zip-ok, --no-find-links, --find-links, --dry-run, --install-layout, --always-unzip, --optimize, --multi-version, --help, --uninstall, --install-dir, --egg-path, --prefix, --version, --script-dir, --site-dirs, --user, --upgrade
[0.672s] DEBUG:colcon.colcon_core.event_handler.log_command:Invoking command in '/workspace/ros2_ws/build/neuravac_base': PS1=(neuravac-ros) PYTHONPATH=/workspace/ros2_ws/build/neuravac_base/prefix_override:/usr/lib/python3/dist-packages/colcon_core/task/python/colcon_distutils_commands:/workspace/ros2_ws/install/neuravac_base/lib/python3.12/site-packages:${PYTHONPATH} VIRTUAL_ENV_PROMPT=(neuravac-ros) /tmp/neuravac-ros/bin/python -W ignore:setup.py install is deprecated -W ignore:easy_install command is deprecated setup.py develop --editable --build-directory /workspace/ros2_ws/build/neuravac_base/build --no-deps symlink_data
[0.957s] Level 1:colcon.colcon_core.shell:create_environment_hook('neuravac_base', 'pythonpath_develop')
[0.957s] INFO:colcon.colcon_core.shell:Creating environment hook '/workspace/ros2_ws/build/neuravac_base/share/neuravac_base/hook/pythonpath_develop.ps1'
[0.958s] DEBUG:colcon.colcon_core.event_handler.log_command:Invoked command in '/workspace/ros2_ws/build/neuravac_base' returned '0': PS1=(neuravac-ros) PYTHONPATH=/workspace/ros2_ws/build/neuravac_base/prefix_override:/usr/lib/python3/dist-packages/colcon_core/task/python/colcon_distutils_commands:/workspace/ros2_ws/install/neuravac_base/lib/python3.12/site-packages:${PYTHONPATH} VIRTUAL_ENV_PROMPT=(neuravac-ros) /tmp/neuravac-ros/bin/python -W ignore:setup.py install is deprecated -W ignore:easy_install command is deprecated setup.py develop --editable --build-directory /workspace/ros2_ws/build/neuravac_base/build --no-deps symlink_data
[0.958s] INFO:colcon.colcon_core.shell:Creating environment descriptor '/workspace/ros2_ws/build/neuravac_base/share/neuravac_base/hook/pythonpath_develop.dsv'
[0.959s] INFO:colcon.colcon_core.shell:Creating environment hook '/workspace/ros2_ws/build/neuravac_base/share/neuravac_base/hook/pythonpath_develop.sh'
[0.960s] Level 1:colcon.colcon_core.environment:checking '/workspace/ros2_ws/install/neuravac_base' for CMake module files
[0.961s] Level 1:colcon.colcon_core.environment:checking '/workspace/ros2_ws/install/neuravac_base' for CMake config files
[0.963s] Level 1:colcon.colcon_core.environment:checking '/workspace/ros2_ws/install/neuravac_base/lib'
[0.963s] Level 1:colcon.colcon_core.environment:checking '/workspace/ros2_ws/install/neuravac_base/bin'
[0.963s] Level 1:colcon.colcon_core.environment:checking '/workspace/ros2_ws/install/neuravac_base/lib/pkgconfig/neuravac_base.pc'
[0.964s] Level 1:colcon.colcon_core.environment:checking '/workspace/ros2_ws/install/neuravac_base/lib/python3.12/site-packages'
[0.964s] Level 1:colcon.colcon_core.shell:create_environment_hook('neuravac_base', 'pythonpath')
[0.964s] INFO:colcon.colcon_core.shell:Creating environment hook '/workspace/ros2_ws/install/neuravac_base/share/neuravac_base/hook/pythonpath.ps1'
[0.964s] INFO:colcon.colcon_core.shell:Creating environment descriptor '/workspace/ros2_ws/install/neuravac_base/share/neuravac_base/hook/pythonpath.dsv'
[0.964s] INFO:colcon.colcon_core.shell:Creating environment hook '/workspace/ros2_ws/install/neuravac_base/share/neuravac_base/hook/pythonpath.sh'
[0.965s] Level 1:colcon.colcon_core.environment:checking '/workspace/ros2_ws/install/neuravac_base/bin'
[0.965s] Level 1:colcon.colcon_core.environment:create_environment_scripts_only(neuravac_base)
[0.965s] INFO:colcon.colcon_core.shell:Creating package script '/workspace/ros2_ws/install/neuravac_base/share/neuravac_base/package.ps1'
[0.966s] INFO:colcon.colcon_core.shell:Creating package descriptor '/workspace/ros2_ws/install/neuravac_base/share/neuravac_base/package.dsv'
[0.966s] INFO:colcon.colcon_core.shell:Creating package script '/workspace/ros2_ws/install/neuravac_base/share/neuravac_base/package.sh'
[0.967s] INFO:colcon.colcon_core.shell:Creating package script '/workspace/ros2_ws/install/neuravac_base/share/neuravac_base/package.bash'
[0.967s] INFO:colcon.colcon_core.shell:Creating package script '/workspace/ros2_ws/install/neuravac_base/share/neuravac_base/package.zsh'
[0.968s] Level 1:colcon.colcon_core.environment:create_file_with_runtime_dependencies(/workspace/ros2_ws/install/neuravac_base/share/colcon-core/packages/neuravac_base)
[0.969s] INFO:colcon.colcon_ros.task.ament_python.build:Building ROS package in '/workspace/ros2_ws/src/neuravac_cleaning' with build type 'ament_python'
[0.969s] Level 1:colcon.colcon_core.shell:create_environment_hook('neuravac_cleaning', 'ament_prefix_path')
[0.969s] INFO:colcon.colcon_core.shell:Creating environment hook '/workspace/ros2_ws/install/neuravac_cleaning/share/neuravac_cleaning/hook/ament_prefix_path.ps1'
[0.970s] INFO:colcon.colcon_core.shell:Creating environment descriptor '/workspace/ros2_ws/install/neuravac_cleaning/share/neuravac_cleaning/hook/ament_prefix_path.dsv'
[0.970s] INFO:colcon.colcon_core.shell:Creating environment hook '/workspace/ros2_ws/install/neuravac_cleaning/share/neuravac_cleaning/hook/ament_prefix_path.sh'
[0.971s] INFO:colcon.colcon_core.shell:Skip shell extension 'powershell' for command environment: Not usable outside of PowerShell
[0.971s] DEBUG:colcon.colcon_core.shell:Skip shell extension 'dsv' for command environment
[0.973s] INFO:colcon.colcon_ros.task.ament_python.build:Building ROS package in '/workspace/ros2_ws/src/neuravac_cloud' with build type 'ament_python'
[0.973s] Level 1:colcon.colcon_core.shell:create_environment_hook('neuravac_cloud', 'ament_prefix_path')
[0.973s] INFO:colcon.colcon_core.shell:Creating environment hook '/workspace/ros2_ws/install/neuravac_cloud/share/neuravac_cloud/hook/ament_prefix_path.ps1'
[0.974s] INFO:colcon.colcon_core.shell:Creating environment descriptor '/workspace/ros2_ws/install/neuravac_cloud/share/neuravac_cloud/hook/ament_prefix_path.dsv'
[0.975s] INFO:colcon.colcon_core.shell:Creating environment hook '/workspace/ros2_ws/install/neuravac_cloud/share/neuravac_cloud/hook/ament_prefix_path.sh'
[0.975s] INFO:colcon.colcon_core.shell:Skip shell extension 'powershell' for command environment: Not usable outside of PowerShell
[0.975s] DEBUG:colcon.colcon_core.shell:Skip shell extension 'dsv' for command environment
[0.977s] INFO:colcon.colcon_ros.task.ament_python.build:Building ROS package in '/workspace/ros2_ws/src/neuravac_dashboard' with build type 'ament_python'
[0.977s] Level 1:colcon.colcon_core.shell:create_environment_hook('neuravac_dashboard', 'ament_prefix_path')
[0.977s] INFO:colcon.colcon_core.shell:Creating environment hook '/workspace/ros2_ws/install/neuravac_dashboard/share/neuravac_dashboard/hook/ament_prefix_path.ps1'
[0.978s] INFO:colcon.colcon_core.shell:Creating environment descriptor '/workspace/ros2_ws/install/neuravac_dashboard/share/neuravac_dashboard/hook/ament_prefix_path.dsv'
[0.979s] INFO:colcon.colcon_core.shell:Creating environment hook '/workspace/ros2_ws/install/neuravac_dashboard/share/neuravac_dashboard/hook/ament_prefix_path.sh'
[0.980s] INFO:colcon.colcon_core.shell:Skip shell extension 'powershell' for command environment: Not usable outside of PowerShell
[0.980s] DEBUG:colcon.colcon_core.shell:Skip shell extension 'dsv' for command environment
[0.982s] INFO:colcon.colcon_ros.task.ament_python.build:Building ROS package in '/workspace/ros2_ws/src/neuravac_perception' with build type 'ament_python'
[0.982s] Level 1:colcon.colcon_core.shell:create_environment_hook('neuravac_perception', 'ament_prefix_path')
[0.982s] INFO:colcon.colcon_core.shell:Creating environment hook '/workspace/ros2_ws/install/neuravac_perception/share/neuravac_perception/hook/ament_prefix_path.ps1'
[0.983s] INFO:colcon.colcon_core.shell:Creating environment descriptor '/workspace/ros2_ws/install/neuravac_perception/share/neuravac_perception/hook/ament_prefix_path.dsv'
[0.984s] INFO:colcon.colcon_core.shell:Creating environment hook '/workspace/ros2_ws/install/neuravac_perception/share/neuravac_perception/hook/ament_prefix_path.sh'
[0.984s] INFO:colcon.colcon_core.shell:Skip shell extension 'powershell' for command environment: Not usable outside of PowerShell
[0.984s] DEBUG:colcon.colcon_core.shell:Skip shell extension 'dsv' for command environment
[0.986s] INFO:colcon.colcon_ros.task.ament_python.build:Building ROS package in '/workspace/ros2_ws/src/neuravac_planner' with build type 'ament_python'
[0.986s] Level 1:colcon.colcon_core.shell:create_environment_hook('neuravac_planner', 'ament_prefix_path')
[0.986s] INFO:colcon.colcon_core.shell:Creating environment hook '/workspace/ros2_ws/install/neuravac_planner/share/neuravac_planner/hook/ament_prefix_path.ps1'
[0.988s] INFO:colcon.colcon_core.shell:Creating environment descriptor '/workspace/ros2_ws/install/neuravac_planner/share/neuravac_planner/hook/ament_prefix_path.dsv'
[0.988s] INFO:colcon.colcon_core.shell:Creating environment hook '/workspace/ros2_ws/install/neuravac_planner/share/neuravac_planner/hook/ament_prefix_path.sh'
[0.990s] INFO:colcon.colcon_core.shell:Skip shell extension 'powershell' for command environment: Not usable outside of PowerShell
[0.990s] DEBUG:colcon.colcon_core.shell:Skip shell extension 'dsv' for command environment
[0.992s] INFO:colcon.colcon_ros.task.ament_python.build:Building ROS package in '/workspace/ros2_ws/src/neuravac_safety' with build type 'ament_python'
[0.992s] Level 1:colcon.colcon_core.shell:create_environment_hook('neuravac_safety', 'ament_prefix_path')
[0.992s] INFO:colcon.colcon_core.shell:Creating environment hook '/workspace/ros2_ws/install/neuravac_safety/share/neuravac_safety/hook/ament_prefix_path.ps1'
[0.993s] INFO:colcon.colcon_core.shell:Creating environment descriptor '/workspace/ros2_ws/install/neuravac_safety/share/neuravac_safety/hook/ament_prefix_path.dsv'
[0.994s] INFO:colcon.colcon_core.shell:Creating environment hook '/workspace/ros2_ws/install/neuravac_safety/share/neuravac_safety/hook/ament_prefix_path.sh'
[0.994s] INFO:colcon.colcon_core.shell:Skip shell extension 'powershell' for command environment: Not usable outside of PowerShell
[0.994s] DEBUG:colcon.colcon_core.shell:Skip shell extension 'dsv' for command environment
[0.996s] INFO:colcon.colcon_ros.task.ament_python.build:Building ROS package in '/workspace/ros2_ws/src/neuravac_semantic_map' with build type 'ament_python'
[0.996s] Level 1:colcon.colcon_core.shell:create_environment_hook('neuravac_semantic_map', 'ament_prefix_path')
[0.996s] INFO:colcon.colcon_core.shell:Creating environment hook '/workspace/ros2_ws/install/neuravac_semantic_map/share/neuravac_semantic_map/hook/ament_prefix_path.ps1'
[0.997s] INFO:colcon.colcon_core.shell:Creating environment descriptor '/workspace/ros2_ws/install/neuravac_semantic_map/share/neuravac_semantic_map/hook/ament_prefix_path.dsv'
[0.997s] INFO:colcon.colcon_core.shell:Creating environment hook '/workspace/ros2_ws/install/neuravac_semantic_map/share/neuravac_semantic_map/hook/ament_prefix_path.sh'
[0.998s] INFO:colcon.colcon_core.shell:Skip shell extension 'powershell' for command environment: Not usable outside of PowerShell
[0.998s] DEBUG:colcon.colcon_core.shell:Skip shell extension 'dsv' for command environment
[1.000s] INFO:colcon.colcon_ros.task.ament_python.build:Building ROS package in '/workspace/ros2_ws/src/neuravac_world_model' with build type 'ament_python'
[1.000s] Level 1:colcon.colcon_core.shell:create_environment_hook('neuravac_world_model', 'ament_prefix_path')
[1.000s] INFO:colcon.colcon_core.shell:Creating environment hook '/workspace/ros2_ws/install/neuravac_world_model/share/neuravac_world_model/hook/ament_prefix_path.ps1'
[1.001s] INFO:colcon.colcon_core.shell:Creating environment descriptor '/workspace/ros2_ws/install/neuravac_world_model/share/neuravac_world_model/hook/ament_prefix_path.dsv'
[1.002s] INFO:colcon.colcon_core.shell:Creating environment hook '/workspace/ros2_ws/install/neuravac_world_model/share/neuravac_world_model/hook/ament_prefix_path.sh'
[1.002s] INFO:colcon.colcon_core.shell:Skip shell extension 'powershell' for command environment: Not usable outside of PowerShell
[1.002s] DEBUG:colcon.colcon_core.shell:Skip shell extension 'dsv' for command environment
[1.109s] INFO:colcon.colcon_core.task.python.build:Building Python package in '/workspace/ros2_ws/src/neuravac_cleaning'
[1.110s] INFO:colcon.colcon_core.shell:Skip shell extension 'powershell' for command environment: Not usable outside of PowerShell
[1.110s] DEBUG:colcon.colcon_core.shell:Skip shell extension 'dsv' for command environment
[1.229s] INFO:colcon.colcon_core.task.python.build:Building Python package in '/workspace/ros2_ws/src/neuravac_cloud'
[1.229s] INFO:colcon.colcon_core.shell:Skip shell extension 'powershell' for command environment: Not usable outside of PowerShell
[1.230s] DEBUG:colcon.colcon_core.shell:Skip shell extension 'dsv' for command environment
[1.383s] INFO:colcon.colcon_core.task.python.build:Building Python package in '/workspace/ros2_ws/src/neuravac_dashboard'
[1.384s] INFO:colcon.colcon_core.shell:Skip shell extension 'powershell' for command environment: Not usable outside of PowerShell
[1.384s] DEBUG:colcon.colcon_core.shell:Skip shell extension 'dsv' for command environment
[1.488s] INFO:colcon.colcon_core.task.python.build:Building Python package in '/workspace/ros2_ws/src/neuravac_perception'
[1.488s] INFO:colcon.colcon_core.shell:Skip shell extension 'powershell' for command environment: Not usable outside of PowerShell
[1.489s] DEBUG:colcon.colcon_core.shell:Skip shell extension 'dsv' for command environment
[1.595s] INFO:colcon.colcon_core.task.python.build:Building Python package in '/workspace/ros2_ws/src/neuravac_planner'
[1.596s] INFO:colcon.colcon_core.shell:Skip shell extension 'powershell' for command environment: Not usable outside of PowerShell
[1.596s] DEBUG:colcon.colcon_core.shell:Skip shell extension 'dsv' for command environment
[1.706s] INFO:colcon.colcon_core.task.python.build:Building Python package in '/workspace/ros2_ws/src/neuravac_safety'
[1.706s] INFO:colcon.colcon_core.shell:Skip shell extension 'powershell' for command environment: Not usable outside of PowerShell
[1.707s] DEBUG:colcon.colcon_core.shell:Skip shell extension 'dsv' for command environment
[1.821s] INFO:colcon.colcon_core.task.python.build:Building Python package in '/workspace/ros2_ws/src/neuravac_semantic_map'
[1.821s] INFO:colcon.colcon_core.shell:Skip shell extension 'powershell' for command environment: Not usable outside of PowerShell
[1.821s] DEBUG:colcon.colcon_core.shell:Skip shell extension 'dsv' for command environment
[1.924s] INFO:colcon.colcon_core.task.python.build:Building Python package in '/workspace/ros2_ws/src/neuravac_world_model'
[1.924s] INFO:colcon.colcon_core.shell:Skip shell extension 'powershell' for command environment: Not usable outside of PowerShell
[1.924s] DEBUG:colcon.colcon_core.shell:Skip shell extension 'dsv' for command environment
[2.384s] DEBUG:colcon.colcon_core.task.python.build:Available setuptools commands: check, test, bdist_egg, symlink_data, install_data, bdist_wheel, build_ext, install_scripts, rotate, editable_wheel, setopt, alias, easy_install, clean, bdist_rpm, upload, build_scripts, egg_info, build_py, install_headers, sdist, build, upload_docs, install_egg_info, install, bdist, register, dist_info, install_lib, saveopts, develop, bdist_dumb, build_clib
[2.413s] DEBUG:colcon.colcon_core.task.python.build:Available setuptools commands: check, test, bdist_egg, symlink_data, install_data, bdist_wheel, build_ext, install_scripts, rotate, editable_wheel, setopt, alias, easy_install, clean, bdist_rpm, upload, build_scripts, egg_info, build_py, install_headers, sdist, build, upload_docs, install_egg_info, install, bdist, register, dist_info, install_lib, saveopts, develop, bdist_dumb, build_clib
[2.414s] DEBUG:colcon.colcon_core.task.python.build:Available setuptools commands: check, test, bdist_egg, symlink_data, install_data, bdist_wheel, build_ext, install_scripts, rotate, editable_wheel, setopt, alias, easy_install, clean, bdist_rpm, upload, build_scripts, egg_info, build_py, install_headers, sdist, build, upload_docs, install_egg_info, install, bdist, register, dist_info, install_lib, saveopts, develop, bdist_dumb, build_clib
[2.417s] DEBUG:colcon.colcon_core.task.python.build:Available setuptools commands: check, test, bdist_egg, symlink_data, install_data, bdist_wheel, build_ext, install_scripts, rotate, editable_wheel, setopt, alias, easy_install, clean, bdist_rpm, upload, build_scripts, egg_info, build_py, install_headers, sdist, build, upload_docs, install_egg_info, install, bdist, register, dist_info, install_lib, saveopts, develop, bdist_dumb, build_clib
[2.418s] DEBUG:colcon.colcon_core.task.python.build:Available setuptools commands: check, test, bdist_egg, symlink_data, install_data, bdist_wheel, build_ext, install_scripts, rotate, editable_wheel, setopt, alias, easy_install, clean, bdist_rpm, upload, build_scripts, egg_info, build_py, install_headers, sdist, build, upload_docs, install_egg_info, install, bdist, register, dist_info, install_lib, saveopts, develop, bdist_dumb, build_clib
[2.434s] DEBUG:colcon.colcon_core.task.python.build:Available setuptools commands: check, test, bdist_egg, symlink_data, install_data, bdist_wheel, build_ext, install_scripts, rotate, editable_wheel, setopt, alias, easy_install, clean, bdist_rpm, upload, build_scripts, egg_info, build_py, install_headers, sdist, build, upload_docs, install_egg_info, install, bdist, register, dist_info, install_lib, saveopts, develop, bdist_dumb, build_clib
[2.440s] DEBUG:colcon.colcon_core.task.python.build:Available setuptools commands: check, test, bdist_egg, symlink_data, install_data, bdist_wheel, build_ext, install_scripts, rotate, editable_wheel, setopt, alias, easy_install, clean, bdist_rpm, upload, build_scripts, egg_info, build_py, install_headers, sdist, build, upload_docs, install_egg_info, install, bdist, register, dist_info, install_lib, saveopts, develop, bdist_dumb, build_clib
[2.441s] DEBUG:colcon.colcon_core.task.python.build:Available setuptools commands: check, test, bdist_egg, symlink_data, install_data, bdist_wheel, build_ext, install_scripts, rotate, editable_wheel, setopt, alias, easy_install, clean, bdist_rpm, upload, build_scripts, egg_info, build_py, install_headers, sdist, build, upload_docs, install_egg_info, install, bdist, register, dist_info, install_lib, saveopts, develop, bdist_dumb, build_clib
[2.681s] DEBUG:colcon.colcon_core.task.python.build:Available setuptools 'develop' options: --allow-hosts, --index-url, --no-user-cfg, --build-directory, --quiet, --always-copy, --record, --verbose, --exclude-scripts, --no-deps, --force-installation-into-system-dir, --local-snapshots-ok, --editable, --zip-ok, --no-find-links, --find-links, --dry-run, --install-layout, --always-unzip, --optimize, --multi-version, --help, --uninstall, --install-dir, --egg-path, --prefix, --version, --script-dir, --site-dirs, --user, --upgrade
[2.702s] DEBUG:colcon.colcon_core.event_handler.log_command:Invoking command in '/workspace/ros2_ws/build/neuravac_safety': AMENT_PREFIX_PATH=/workspace/ros2_ws/install/neuravac_base:${AMENT_PREFIX_PATH} PS1=(neuravac-ros) PYTHONPATH=/workspace/ros2_ws/build/neuravac_safety/prefix_override:/usr/lib/python3/dist-packages/colcon_core/task/python/colcon_distutils_commands:/workspace/ros2_ws/install/neuravac_safety/lib/python3.12/site-packages:/workspace/ros2_ws/build/neuravac_base:/workspace/ros2_ws/install/neuravac_base/lib/python3.12/site-packages:${PYTHONPATH} VIRTUAL_ENV_PROMPT=(neuravac-ros) /tmp/neuravac-ros/bin/python -W ignore:setup.py install is deprecated -W ignore:easy_install command is deprecated setup.py develop --editable --build-directory /workspace/ros2_ws/build/neuravac_safety/build --no-deps symlink_data
[2.731s] DEBUG:colcon.colcon_core.task.python.build:Available setuptools 'develop' options: --allow-hosts, --index-url, --no-user-cfg, --build-directory, --quiet, --always-copy, --record, --verbose, --exclude-scripts, --no-deps, --force-installation-into-system-dir, --local-snapshots-ok, --editable, --zip-ok, --no-find-links, --find-links, --dry-run, --install-layout, --always-unzip, --optimize, --multi-version, --help, --uninstall, --install-dir, --egg-path, --prefix, --version, --script-dir, --site-dirs, --user, --upgrade
[2.736s] DEBUG:colcon.colcon_core.task.python.build:Available setuptools 'develop' options: --allow-hosts, --index-url, --no-user-cfg, --build-directory, --quiet, --always-copy, --record, --verbose, --exclude-scripts, --no-deps, --force-installation-into-system-dir, --local-snapshots-ok, --editable, --zip-ok, --no-find-links, --find-links, --dry-run, --install-layout, --always-unzip, --optimize, --multi-version, --help, --uninstall, --install-dir, --egg-path, --prefix, --version, --script-dir, --site-dirs, --user, --upgrade
[2.740s] DEBUG:colcon.colcon_core.event_handler.log_command:Invoking command in '/workspace/ros2_ws/build/neuravac_cloud': AMENT_PREFIX_PATH=/workspace/ros2_ws/install/neuravac_base:${AMENT_PREFIX_PATH} PS1=(neuravac-ros) PYTHONPATH=/workspace/ros2_ws/build/neuravac_cloud/prefix_override:/usr/lib/python3/dist-packages/colcon_core/task/python/colcon_distutils_commands:/workspace/ros2_ws/install/neuravac_cloud/lib/python3.12/site-packages:/workspace/ros2_ws/build/neuravac_base:/workspace/ros2_ws/install/neuravac_base/lib/python3.12/site-packages:${PYTHONPATH} VIRTUAL_ENV_PROMPT=(neuravac-ros) /tmp/neuravac-ros/bin/python -W ignore:setup.py install is deprecated -W ignore:easy_install command is deprecated setup.py develop --editable --build-directory /workspace/ros2_ws/build/neuravac_cloud/build --no-deps symlink_data
[2.746s] DEBUG:colcon.colcon_core.task.python.build:Available setuptools 'develop' options: --allow-hosts, --index-url, --no-user-cfg, --build-directory, --quiet, --always-copy, --record, --verbose, --exclude-scripts, --no-deps, --force-installation-into-system-dir, --local-snapshots-ok, --editable, --zip-ok, --no-find-links, --find-links, --dry-run, --install-layout, --always-unzip, --optimize, --multi-version, --help, --uninstall, --install-dir, --egg-path, --prefix, --version, --script-dir, --site-dirs, --user, --upgrade
[2.749s] DEBUG:colcon.colcon_core.event_handler.log_command:Invoking command in '/workspace/ros2_ws/build/neuravac_cleaning': AMENT_PREFIX_PATH=/workspace/ros2_ws/install/neuravac_base:${AMENT_PREFIX_PATH} PS1=(neuravac-ros) PYTHONPATH=/workspace/ros2_ws/build/neuravac_cleaning/prefix_override:/usr/lib/python3/dist-packages/colcon_core/task/python/colcon_distutils_commands:/workspace/ros2_ws/install/neuravac_cleaning/lib/python3.12/site-packages:/workspace/ros2_ws/build/neuravac_base:/workspace/ros2_ws/install/neuravac_base/lib/python3.12/site-packages:${PYTHONPATH} VIRTUAL_ENV_PROMPT=(neuravac-ros) /tmp/neuravac-ros/bin/python -W ignore:setup.py install is deprecated -W ignore:easy_install command is deprecated setup.py develop --editable --build-directory /workspace/ros2_ws/build/neuravac_cleaning/build --no-deps symlink_data
[2.755s] DEBUG:colcon.colcon_core.task.python.build:Available setuptools 'develop' options: --allow-hosts, --index-url, --no-user-cfg, --build-directory, --quiet, --always-copy, --record, --verbose, --exclude-scripts, --no-deps, --force-installation-into-system-dir, --local-snapshots-ok, --editable, --zip-ok, --no-find-links, --find-links, --dry-run, --install-layout, --always-unzip, --optimize, --multi-version, --help, --uninstall, --install-dir, --egg-path, --prefix, --version, --script-dir, --site-dirs, --user, --upgrade
[2.758s] DEBUG:colcon.colcon_core.event_handler.log_command:Invoking command in '/workspace/ros2_ws/build/neuravac_dashboard': AMENT_PREFIX_PATH=/workspace/ros2_ws/install/neuravac_base:${AMENT_PREFIX_PATH} PS1=(neuravac-ros) PYTHONPATH=/workspace/ros2_ws/build/neuravac_dashboard/prefix_override:/usr/lib/python3/dist-packages/colcon_core/task/python/colcon_distutils_commands:/workspace/ros2_ws/install/neuravac_dashboard/lib/python3.12/site-packages:/workspace/ros2_ws/build/neuravac_base:/workspace/ros2_ws/install/neuravac_base/lib/python3.12/site-packages:${PYTHONPATH} VIRTUAL_ENV_PROMPT=(neuravac-ros) /tmp/neuravac-ros/bin/python -W ignore:setup.py install is deprecated -W ignore:easy_install command is deprecated setup.py develop --editable --build-directory /workspace/ros2_ws/build/neuravac_dashboard/build --no-deps symlink_data
[2.765s] DEBUG:colcon.colcon_core.task.python.build:Available setuptools 'develop' options: --allow-hosts, --index-url, --no-user-cfg, --build-directory, --quiet, --always-copy, --record, --verbose, --exclude-scripts, --no-deps, --force-installation-into-system-dir, --local-snapshots-ok, --editable, --zip-ok, --no-find-links, --find-links, --dry-run, --install-layout, --always-unzip, --optimize, --multi-version, --help, --uninstall, --install-dir, --egg-path, --prefix, --version, --script-dir, --site-dirs, --user, --upgrade
[2.766s] DEBUG:colcon.colcon_core.event_handler.log_command:Invoking command in '/workspace/ros2_ws/build/neuravac_planner': AMENT_PREFIX_PATH=/workspace/ros2_ws/install/neuravac_base:${AMENT_PREFIX_PATH} PS1=(neuravac-ros) PYTHONPATH=/workspace/ros2_ws/build/neuravac_planner/prefix_override:/usr/lib/python3/dist-packages/colcon_core/task/python/colcon_distutils_commands:/workspace/ros2_ws/install/neuravac_planner/lib/python3.12/site-packages:/workspace/ros2_ws/build/neuravac_base:/workspace/ros2_ws/install/neuravac_base/lib/python3.12/site-packages:${PYTHONPATH} VIRTUAL_ENV_PROMPT=(neuravac-ros) /tmp/neuravac-ros/bin/python -W ignore:setup.py install is deprecated -W ignore:easy_install command is deprecated setup.py develop --editable --build-directory /workspace/ros2_ws/build/neuravac_planner/build --no-deps symlink_data
[2.773s] DEBUG:colcon.colcon_core.event_handler.log_command:Invoking command in '/workspace/ros2_ws/build/neuravac_semantic_map': AMENT_PREFIX_PATH=/workspace/ros2_ws/install/neuravac_base:${AMENT_PREFIX_PATH} PS1=(neuravac-ros) PYTHONPATH=/workspace/ros2_ws/build/neuravac_semantic_map/prefix_override:/usr/lib/python3/dist-packages/colcon_core/task/python/colcon_distutils_commands:/workspace/ros2_ws/install/neuravac_semantic_map/lib/python3.12/site-packages:/workspace/ros2_ws/build/neuravac_base:/workspace/ros2_ws/install/neuravac_base/lib/python3.12/site-packages:${PYTHONPATH} VIRTUAL_ENV_PROMPT=(neuravac-ros) /tmp/neuravac-ros/bin/python -W ignore:setup.py install is deprecated -W ignore:easy_install command is deprecated setup.py develop --editable --build-directory /workspace/ros2_ws/build/neuravac_semantic_map/build --no-deps symlink_data
[2.774s] DEBUG:colcon.colcon_core.task.python.build:Available setuptools 'develop' options: --allow-hosts, --index-url, --no-user-cfg, --build-directory, --quiet, --always-copy, --record, --verbose, --exclude-scripts, --no-deps, --force-installation-into-system-dir, --local-snapshots-ok, --editable, --zip-ok, --no-find-links, --find-links, --dry-run, --install-layout, --always-unzip, --optimize, --multi-version, --help, --uninstall, --install-dir, --egg-path, --prefix, --version, --script-dir, --site-dirs, --user, --upgrade
[2.783s] DEBUG:colcon.colcon_core.task.python.build:Available setuptools 'develop' options: --allow-hosts, --index-url, --no-user-cfg, --build-directory, --quiet, --always-copy, --record, --verbose, --exclude-scripts, --no-deps, --force-installation-into-system-dir, --local-snapshots-ok, --editable, --zip-ok, --no-find-links, --find-links, --dry-run, --install-layout, --always-unzip, --optimize, --multi-version, --help, --uninstall, --install-dir, --egg-path, --prefix, --version, --script-dir, --site-dirs, --user, --upgrade
[2.787s] DEBUG:colcon.colcon_core.event_handler.log_command:Invoking command in '/workspace/ros2_ws/build/neuravac_perception': AMENT_PREFIX_PATH=/workspace/ros2_ws/install/neuravac_base:${AMENT_PREFIX_PATH} PS1=(neuravac-ros) PYTHONPATH=/workspace/ros2_ws/build/neuravac_perception/prefix_override:/usr/lib/python3/dist-packages/colcon_core/task/python/colcon_distutils_commands:/workspace/ros2_ws/install/neuravac_perception/lib/python3.12/site-packages:/workspace/ros2_ws/build/neuravac_base:/workspace/ros2_ws/install/neuravac_base/lib/python3.12/site-packages:${PYTHONPATH} VIRTUAL_ENV_PROMPT=(neuravac-ros) /tmp/neuravac-ros/bin/python -W ignore:setup.py install is deprecated -W ignore:easy_install command is deprecated setup.py develop --editable --build-directory /workspace/ros2_ws/build/neuravac_perception/build --no-deps symlink_data
[2.793s] DEBUG:colcon.colcon_core.event_handler.log_command:Invoking command in '/workspace/ros2_ws/build/neuravac_world_model': AMENT_PREFIX_PATH=/workspace/ros2_ws/install/neuravac_base:${AMENT_PREFIX_PATH} PS1=(neuravac-ros) PYTHONPATH=/workspace/ros2_ws/build/neuravac_world_model/prefix_override:/usr/lib/python3/dist-packages/colcon_core/task/python/colcon_distutils_commands:/workspace/ros2_ws/install/neuravac_world_model/lib/python3.12/site-packages:/workspace/ros2_ws/build/neuravac_base:/workspace/ros2_ws/install/neuravac_base/lib/python3.12/site-packages:${PYTHONPATH} VIRTUAL_ENV_PROMPT=(neuravac-ros) /tmp/neuravac-ros/bin/python -W ignore:setup.py install is deprecated -W ignore:easy_install command is deprecated setup.py develop --editable --build-directory /workspace/ros2_ws/build/neuravac_world_model/build --no-deps symlink_data
[3.564s] Level 1:colcon.colcon_core.shell:create_environment_hook('neuravac_safety', 'pythonpath_develop')
[3.565s] INFO:colcon.colcon_core.shell:Creating environment hook '/workspace/ros2_ws/build/neuravac_safety/share/neuravac_safety/hook/pythonpath_develop.ps1'
[3.572s] INFO:colcon.colcon_core.shell:Creating environment descriptor '/workspace/ros2_ws/build/neuravac_safety/share/neuravac_safety/hook/pythonpath_develop.dsv'
[3.574s] INFO:colcon.colcon_core.shell:Creating environment hook '/workspace/ros2_ws/build/neuravac_safety/share/neuravac_safety/hook/pythonpath_develop.sh'
[3.577s] Level 1:colcon.colcon_core.environment:checking '/workspace/ros2_ws/install/neuravac_safety' for CMake module files
[3.583s] DEBUG:colcon.colcon_core.event_handler.log_command:Invoked command in '/workspace/ros2_ws/build/neuravac_safety' returned '0': AMENT_PREFIX_PATH=/workspace/ros2_ws/install/neuravac_base:${AMENT_PREFIX_PATH} PS1=(neuravac-ros) PYTHONPATH=/workspace/ros2_ws/build/neuravac_safety/prefix_override:/usr/lib/python3/dist-packages/colcon_core/task/python/colcon_distutils_commands:/workspace/ros2_ws/install/neuravac_safety/lib/python3.12/site-packages:/workspace/ros2_ws/build/neuravac_base:/workspace/ros2_ws/install/neuravac_base/lib/python3.12/site-packages:${PYTHONPATH} VIRTUAL_ENV_PROMPT=(neuravac-ros) /tmp/neuravac-ros/bin/python -W ignore:setup.py install is deprecated -W ignore:easy_install command is deprecated setup.py develop --editable --build-directory /workspace/ros2_ws/build/neuravac_safety/build --no-deps symlink_data
[3.585s] Level 1:colcon.colcon_core.environment:checking '/workspace/ros2_ws/install/neuravac_safety' for CMake config files
[3.597s] Level 1:colcon.colcon_core.environment:checking '/workspace/ros2_ws/install/neuravac_safety/lib'
[3.598s] Level 1:colcon.colcon_core.environment:checking '/workspace/ros2_ws/install/neuravac_safety/bin'
[3.598s] Level 1:colcon.colcon_core.environment:checking '/workspace/ros2_ws/install/neuravac_safety/lib/pkgconfig/neuravac_safety.pc'
[3.599s] Level 1:colcon.colcon_core.environment:checking '/workspace/ros2_ws/install/neuravac_safety/lib/python3.12/site-packages'
[3.599s] Level 1:colcon.colcon_core.shell:create_environment_hook('neuravac_safety', 'pythonpath')
[3.599s] INFO:colcon.colcon_core.shell:Creating environment hook '/workspace/ros2_ws/install/neuravac_safety/share/neuravac_safety/hook/pythonpath.ps1'
[3.600s] INFO:colcon.colcon_core.shell:Creating environment descriptor '/workspace/ros2_ws/install/neuravac_safety/share/neuravac_safety/hook/pythonpath.dsv'
[3.602s] INFO:colcon.colcon_core.shell:Creating environment hook '/workspace/ros2_ws/install/neuravac_safety/share/neuravac_safety/hook/pythonpath.sh'
[3.604s] Level 1:colcon.colcon_core.environment:checking '/workspace/ros2_ws/install/neuravac_safety/bin'
[3.604s] Level 1:colcon.colcon_core.environment:create_environment_scripts_only(neuravac_safety)
[3.604s] INFO:colcon.colcon_core.shell:Creating package script '/workspace/ros2_ws/install/neuravac_safety/share/neuravac_safety/package.ps1'
[3.607s] INFO:colcon.colcon_core.shell:Creating package descriptor '/workspace/ros2_ws/install/neuravac_safety/share/neuravac_safety/package.dsv'
[3.608s] INFO:colcon.colcon_core.shell:Creating package script '/workspace/ros2_ws/install/neuravac_safety/share/neuravac_safety/package.sh'
[3.608s] INFO:colcon.colcon_core.shell:Creating package script '/workspace/ros2_ws/install/neuravac_safety/share/neuravac_safety/package.bash'
[3.609s] INFO:colcon.colcon_core.shell:Creating package script '/workspace/ros2_ws/install/neuravac_safety/share/neuravac_safety/package.zsh'
[3.609s] Level 1:colcon.colcon_core.environment:create_file_with_runtime_dependencies(/workspace/ros2_ws/install/neuravac_safety/share/colcon-core/packages/neuravac_safety)
[3.610s] Level 1:colcon.colcon_core.shell:create_environment_hook('neuravac_dashboard', 'pythonpath_develop')
[3.611s] INFO:colcon.colcon_core.shell:Creating environment hook '/workspace/ros2_ws/build/neuravac_dashboard/share/neuravac_dashboard/hook/pythonpath_develop.ps1'
[3.612s] INFO:colcon.colcon_core.shell:Creating environment descriptor '/workspace/ros2_ws/build/neuravac_dashboard/share/neuravac_dashboard/hook/pythonpath_develop.dsv'
[3.613s] INFO:colcon.colcon_core.shell:Creating environment hook '/workspace/ros2_ws/build/neuravac_dashboard/share/neuravac_dashboard/hook/pythonpath_develop.sh'
[3.614s] Level 1:colcon.colcon_core.environment:checking '/workspace/ros2_ws/install/neuravac_dashboard' for CMake module files
[3.614s] DEBUG:colcon.colcon_core.event_handler.log_command:Invoked command in '/workspace/ros2_ws/build/neuravac_dashboard' returned '0': AMENT_PREFIX_PATH=/workspace/ros2_ws/install/neuravac_base:${AMENT_PREFIX_PATH} PS1=(neuravac-ros) PYTHONPATH=/workspace/ros2_ws/build/neuravac_dashboard/prefix_override:/usr/lib/python3/dist-packages/colcon_core/task/python/colcon_distutils_commands:/workspace/ros2_ws/install/neuravac_dashboard/lib/python3.12/site-packages:/workspace/ros2_ws/build/neuravac_base:/workspace/ros2_ws/install/neuravac_base/lib/python3.12/site-packages:${PYTHONPATH} VIRTUAL_ENV_PROMPT=(neuravac-ros) /tmp/neuravac-ros/bin/python -W ignore:setup.py install is deprecated -W ignore:easy_install command is deprecated setup.py develop --editable --build-directory /workspace/ros2_ws/build/neuravac_dashboard/build --no-deps symlink_data
[3.616s] Level 1:colcon.colcon_core.environment:checking '/workspace/ros2_ws/install/neuravac_dashboard' for CMake config files
[3.620s] Level 1:colcon.colcon_core.environment:checking '/workspace/ros2_ws/install/neuravac_dashboard/lib'
[3.621s] Level 1:colcon.colcon_core.environment:checking '/workspace/ros2_ws/install/neuravac_dashboard/bin'
[3.621s] Level 1:colcon.colcon_core.environment:checking '/workspace/ros2_ws/install/neuravac_dashboard/lib/pkgconfig/neuravac_dashboard.pc'
[3.621s] Level 1:colcon.colcon_core.environment:checking '/workspace/ros2_ws/install/neuravac_dashboard/lib/python3.12/site-packages'
[3.621s] Level 1:colcon.colcon_core.shell:create_environment_hook('neuravac_dashboard', 'pythonpath')
[3.621s] INFO:colcon.colcon_core.shell:Creating environment hook '/workspace/ros2_ws/install/neuravac_dashboard/share/neuravac_dashboard/hook/pythonpath.ps1'
[3.622s] INFO:colcon.colcon_core.shell:Creating environment descriptor '/workspace/ros2_ws/install/neuravac_dashboard/share/neuravac_dashboard/hook/pythonpath.dsv'
[3.623s] INFO:colcon.colcon_core.shell:Creating environment hook '/workspace/ros2_ws/install/neuravac_dashboard/share/neuravac_dashboard/hook/pythonpath.sh'
[3.623s] Level 1:colcon.colcon_core.environment:checking '/workspace/ros2_ws/install/neuravac_dashboard/bin'
[3.623s] Level 1:colcon.colcon_core.environment:create_environment_scripts_only(neuravac_dashboard)
[3.623s] INFO:colcon.colcon_core.shell:Creating package script '/workspace/ros2_ws/install/neuravac_dashboard/share/neuravac_dashboard/package.ps1'
[3.624s] INFO:colcon.colcon_core.shell:Creating package descriptor '/workspace/ros2_ws/install/neuravac_dashboard/share/neuravac_dashboard/package.dsv'
[3.624s] INFO:colcon.colcon_core.shell:Creating package script '/workspace/ros2_ws/install/neuravac_dashboard/share/neuravac_dashboard/package.sh'
[3.625s] INFO:colcon.colcon_core.shell:Creating package script '/workspace/ros2_ws/install/neuravac_dashboard/share/neuravac_dashboard/package.bash'
[3.625s] INFO:colcon.colcon_core.shell:Creating package script '/workspace/ros2_ws/install/neuravac_dashboard/share/neuravac_dashboard/package.zsh'
[3.625s] Level 1:colcon.colcon_core.environment:create_file_with_runtime_dependencies(/workspace/ros2_ws/install/neuravac_dashboard/share/colcon-core/packages/neuravac_dashboard)
[3.626s] Level 1:colcon.colcon_core.shell:create_environment_hook('neuravac_perception', 'pythonpath_develop')
[3.626s] INFO:colcon.colcon_core.shell:Creating environment hook '/workspace/ros2_ws/build/neuravac_perception/share/neuravac_perception/hook/pythonpath_develop.ps1'
[3.627s] INFO:colcon.colcon_core.shell:Creating environment descriptor '/workspace/ros2_ws/build/neuravac_perception/share/neuravac_perception/hook/pythonpath_develop.dsv'
[3.628s] INFO:colcon.colcon_core.shell:Creating environment hook '/workspace/ros2_ws/build/neuravac_perception/share/neuravac_perception/hook/pythonpath_develop.sh'
[3.628s] DEBUG:colcon.colcon_core.event_handler.log_command:Invoked command in '/workspace/ros2_ws/build/neuravac_perception' returned '0': AMENT_PREFIX_PATH=/workspace/ros2_ws/install/neuravac_base:${AMENT_PREFIX_PATH} PS1=(neuravac-ros) PYTHONPATH=/workspace/ros2_ws/build/neuravac_perception/prefix_override:/usr/lib/python3/dist-packages/colcon_core/task/python/colcon_distutils_commands:/workspace/ros2_ws/install/neuravac_perception/lib/python3.12/site-packages:/workspace/ros2_ws/build/neuravac_base:/workspace/ros2_ws/install/neuravac_base/lib/python3.12/site-packages:${PYTHONPATH} VIRTUAL_ENV_PROMPT=(neuravac-ros) /tmp/neuravac-ros/bin/python -W ignore:setup.py install is deprecated -W ignore:easy_install command is deprecated setup.py develop --editable --build-directory /workspace/ros2_ws/build/neuravac_perception/build --no-deps symlink_data
[3.629s] Level 1:colcon.colcon_core.environment:checking '/workspace/ros2_ws/install/neuravac_perception' for CMake module files
[3.630s] Level 1:colcon.colcon_core.environment:checking '/workspace/ros2_ws/install/neuravac_perception' for CMake config files
[3.632s] Level 1:colcon.colcon_core.environment:checking '/workspace/ros2_ws/install/neuravac_perception/lib'
[3.632s] Level 1:colcon.colcon_core.environment:checking '/workspace/ros2_ws/install/neuravac_perception/bin'
[3.632s] Level 1:colcon.colcon_core.environment:checking '/workspace/ros2_ws/install/neuravac_perception/lib/pkgconfig/neuravac_perception.pc'
[3.632s] Level 1:colcon.colcon_core.environment:checking '/workspace/ros2_ws/install/neuravac_perception/lib/python3.12/site-packages'
[3.632s] Level 1:colcon.colcon_core.shell:create_environment_hook('neuravac_perception', 'pythonpath')
[3.632s] INFO:colcon.colcon_core.shell:Creating environment hook '/workspace/ros2_ws/install/neuravac_perception/share/neuravac_perception/hook/pythonpath.ps1'
[3.633s] INFO:colcon.colcon_core.shell:Creating environment descriptor '/workspace/ros2_ws/install/neuravac_perception/share/neuravac_perception/hook/pythonpath.dsv'
[3.633s] INFO:colcon.colcon_core.shell:Creating environment hook '/workspace/ros2_ws/install/neuravac_perception/share/neuravac_perception/hook/pythonpath.sh'
[3.634s] Level 1:colcon.colcon_core.environment:checking '/workspace/ros2_ws/install/neuravac_perception/bin'
[3.634s] Level 1:colcon.colcon_core.environment:create_environment_scripts_only(neuravac_perception)
[3.634s] INFO:colcon.colcon_core.shell:Creating package script '/workspace/ros2_ws/install/neuravac_perception/share/neuravac_perception/package.ps1'
[3.635s] INFO:colcon.colcon_core.shell:Creating package descriptor '/workspace/ros2_ws/install/neuravac_perception/share/neuravac_perception/package.dsv'
[3.636s] INFO:colcon.colcon_core.shell:Creating package script '/workspace/ros2_ws/install/neuravac_perception/share/neuravac_perception/package.sh'
[3.636s] INFO:colcon.colcon_core.shell:Creating package script '/workspace/ros2_ws/install/neuravac_perception/share/neuravac_perception/package.bash'
[3.637s] INFO:colcon.colcon_core.shell:Creating package script '/workspace/ros2_ws/install/neuravac_perception/share/neuravac_perception/package.zsh'
[3.638s] Level 1:colcon.colcon_core.environment:create_file_with_runtime_dependencies(/workspace/ros2_ws/install/neuravac_perception/share/colcon-core/packages/neuravac_perception)
[3.638s] Level 1:colcon.colcon_core.shell:create_environment_hook('neuravac_cloud', 'pythonpath_develop')
[3.638s] INFO:colcon.colcon_core.shell:Creating environment hook '/workspace/ros2_ws/build/neuravac_cloud/share/neuravac_cloud/hook/pythonpath_develop.ps1'
[3.639s] INFO:colcon.colcon_core.shell:Creating environment descriptor '/workspace/ros2_ws/build/neuravac_cloud/share/neuravac_cloud/hook/pythonpath_develop.dsv'
[3.640s] INFO:colcon.colcon_core.shell:Creating environment hook '/workspace/ros2_ws/build/neuravac_cloud/share/neuravac_cloud/hook/pythonpath_develop.sh'
[3.640s] DEBUG:colcon.colcon_core.event_handler.log_command:Invoked command in '/workspace/ros2_ws/build/neuravac_cloud' returned '0': AMENT_PREFIX_PATH=/workspace/ros2_ws/install/neuravac_base:${AMENT_PREFIX_PATH} PS1=(neuravac-ros) PYTHONPATH=/workspace/ros2_ws/build/neuravac_cloud/prefix_override:/usr/lib/python3/dist-packages/colcon_core/task/python/colcon_distutils_commands:/workspace/ros2_ws/install/neuravac_cloud/lib/python3.12/site-packages:/workspace/ros2_ws/build/neuravac_base:/workspace/ros2_ws/install/neuravac_base/lib/python3.12/site-packages:${PYTHONPATH} VIRTUAL_ENV_PROMPT=(neuravac-ros) /tmp/neuravac-ros/bin/python -W ignore:setup.py install is deprecated -W ignore:easy_install command is deprecated setup.py develop --editable --build-directory /workspace/ros2_ws/build/neuravac_cloud/build --no-deps symlink_data
[3.641s] Level 1:colcon.colcon_core.environment:checking '/workspace/ros2_ws/install/neuravac_cloud' for CMake module files
[3.642s] Level 1:colcon.colcon_core.environment:checking '/workspace/ros2_ws/install/neuravac_cloud' for CMake config files
[3.644s] Level 1:colcon.colcon_core.environment:checking '/workspace/ros2_ws/install/neuravac_cloud/lib'
[3.645s] Level 1:colcon.colcon_core.environment:checking '/workspace/ros2_ws/install/neuravac_cloud/bin'
[3.646s] Level 1:colcon.colcon_core.environment:checking '/workspace/ros2_ws/install/neuravac_cloud/lib/pkgconfig/neuravac_cloud.pc'
[3.646s] Level 1:colcon.colcon_core.environment:checking '/workspace/ros2_ws/install/neuravac_cloud/lib/python3.12/site-packages'
[3.646s] Level 1:colcon.colcon_core.shell:create_environment_hook('neuravac_cloud', 'pythonpath')
[3.646s] INFO:colcon.colcon_core.shell:Creating environment hook '/workspace/ros2_ws/install/neuravac_cloud/share/neuravac_cloud/hook/pythonpath.ps1'
[3.647s] INFO:colcon.colcon_core.shell:Creating environment descriptor '/workspace/ros2_ws/install/neuravac_cloud/share/neuravac_cloud/hook/pythonpath.dsv'
[3.647s] INFO:colcon.colcon_core.shell:Creating environment hook '/workspace/ros2_ws/install/neuravac_cloud/share/neuravac_cloud/hook/pythonpath.sh'
[3.648s] Level 1:colcon.colcon_core.environment:checking '/workspace/ros2_ws/install/neuravac_cloud/bin'
[3.648s] Level 1:colcon.colcon_core.environment:create_environment_scripts_only(neuravac_cloud)
[3.648s] INFO:colcon.colcon_core.shell:Creating package script '/workspace/ros2_ws/install/neuravac_cloud/share/neuravac_cloud/package.ps1'
[3.648s] INFO:colcon.colcon_core.shell:Creating package descriptor '/workspace/ros2_ws/install/neuravac_cloud/share/neuravac_cloud/package.dsv'
[3.649s] INFO:colcon.colcon_core.shell:Creating package script '/workspace/ros2_ws/install/neuravac_cloud/share/neuravac_cloud/package.sh'
[3.649s] INFO:colcon.colcon_core.shell:Creating package script '/workspace/ros2_ws/install/neuravac_cloud/share/neuravac_cloud/package.bash'
[3.649s] INFO:colcon.colcon_core.shell:Creating package script '/workspace/ros2_ws/install/neuravac_cloud/share/neuravac_cloud/package.zsh'
[3.649s] Level 1:colcon.colcon_core.environment:create_file_with_runtime_dependencies(/workspace/ros2_ws/install/neuravac_cloud/share/colcon-core/packages/neuravac_cloud)
[3.650s] Level 1:colcon.colcon_core.shell:create_environment_hook('neuravac_world_model', 'pythonpath_develop')
[3.650s] INFO:colcon.colcon_core.shell:Creating environment hook '/workspace/ros2_ws/build/neuravac_world_model/share/neuravac_world_model/hook/pythonpath_develop.ps1'
[3.651s] INFO:colcon.colcon_core.shell:Creating environment descriptor '/workspace/ros2_ws/build/neuravac_world_model/share/neuravac_world_model/hook/pythonpath_develop.dsv'
[3.652s] DEBUG:colcon.colcon_core.event_handler.log_command:Invoked command in '/workspace/ros2_ws/build/neuravac_world_model' returned '0': AMENT_PREFIX_PATH=/workspace/ros2_ws/install/neuravac_base:${AMENT_PREFIX_PATH} PS1=(neuravac-ros) PYTHONPATH=/workspace/ros2_ws/build/neuravac_world_model/prefix_override:/usr/lib/python3/dist-packages/colcon_core/task/python/colcon_distutils_commands:/workspace/ros2_ws/install/neuravac_world_model/lib/python3.12/site-packages:/workspace/ros2_ws/build/neuravac_base:/workspace/ros2_ws/install/neuravac_base/lib/python3.12/site-packages:${PYTHONPATH} VIRTUAL_ENV_PROMPT=(neuravac-ros) /tmp/neuravac-ros/bin/python -W ignore:setup.py install is deprecated -W ignore:easy_install command is deprecated setup.py develop --editable --build-directory /workspace/ros2_ws/build/neuravac_world_model/build --no-deps symlink_data
[3.653s] INFO:colcon.colcon_core.shell:Creating environment hook '/workspace/ros2_ws/build/neuravac_world_model/share/neuravac_world_model/hook/pythonpath_develop.sh'
[3.653s] Level 1:colcon.colcon_core.environment:checking '/workspace/ros2_ws/install/neuravac_world_model' for CMake module files
[3.654s] Level 1:colcon.colcon_core.environment:checking '/workspace/ros2_ws/install/neuravac_world_model' for CMake config files
[3.656s] Level 1:colcon.colcon_core.environment:checking '/workspace/ros2_ws/install/neuravac_world_model/lib'
[3.657s] Level 1:colcon.colcon_core.environment:checking '/workspace/ros2_ws/install/neuravac_world_model/bin'
[3.657s] Level 1:colcon.colcon_core.environment:checking '/workspace/ros2_ws/install/neuravac_world_model/lib/pkgconfig/neuravac_world_model.pc'
[3.657s] Level 1:colcon.colcon_core.environment:checking '/workspace/ros2_ws/install/neuravac_world_model/lib/python3.12/site-packages'
[3.657s] Level 1:colcon.colcon_core.shell:create_environment_hook('neuravac_world_model', 'pythonpath')
[3.657s] INFO:colcon.colcon_core.shell:Creating environment hook '/workspace/ros2_ws/install/neuravac_world_model/share/neuravac_world_model/hook/pythonpath.ps1'
[3.658s] INFO:colcon.colcon_core.shell:Creating environment descriptor '/workspace/ros2_ws/install/neuravac_world_model/share/neuravac_world_model/hook/pythonpath.dsv'
[3.658s] INFO:colcon.colcon_core.shell:Creating environment hook '/workspace/ros2_ws/install/neuravac_world_model/share/neuravac_world_model/hook/pythonpath.sh'
[3.659s] Level 1:colcon.colcon_core.environment:checking '/workspace/ros2_ws/install/neuravac_world_model/bin'
[3.659s] Level 1:colcon.colcon_core.environment:create_environment_scripts_only(neuravac_world_model)
[3.659s] INFO:colcon.colcon_core.shell:Creating package script '/workspace/ros2_ws/install/neuravac_world_model/share/neuravac_world_model/package.ps1'
[3.660s] INFO:colcon.colcon_core.shell:Creating package descriptor '/workspace/ros2_ws/install/neuravac_world_model/share/neuravac_world_model/package.dsv'
[3.660s] INFO:colcon.colcon_core.shell:Creating package script '/workspace/ros2_ws/install/neuravac_world_model/share/neuravac_world_model/package.sh'
[3.661s] INFO:colcon.colcon_core.shell:Creating package script '/workspace/ros2_ws/install/neuravac_world_model/share/neuravac_world_model/package.bash'
[3.662s] INFO:colcon.colcon_core.shell:Creating package script '/workspace/ros2_ws/install/neuravac_world_model/share/neuravac_world_model/package.zsh'
[3.662s] Level 1:colcon.colcon_core.environment:create_file_with_runtime_dependencies(/workspace/ros2_ws/install/neuravac_world_model/share/colcon-core/packages/neuravac_world_model)
[3.662s] Level 1:colcon.colcon_core.shell:create_environment_hook('neuravac_cleaning', 'pythonpath_develop')
[3.663s] INFO:colcon.colcon_core.shell:Creating environment hook '/workspace/ros2_ws/build/neuravac_cleaning/share/neuravac_cleaning/hook/pythonpath_develop.ps1'
[3.664s] INFO:colcon.colcon_core.shell:Creating environment descriptor '/workspace/ros2_ws/build/neuravac_cleaning/share/neuravac_cleaning/hook/pythonpath_develop.dsv'
[3.664s] DEBUG:colcon.colcon_core.event_handler.log_command:Invoked command in '/workspace/ros2_ws/build/neuravac_cleaning' returned '0': AMENT_PREFIX_PATH=/workspace/ros2_ws/install/neuravac_base:${AMENT_PREFIX_PATH} PS1=(neuravac-ros) PYTHONPATH=/workspace/ros2_ws/build/neuravac_cleaning/prefix_override:/usr/lib/python3/dist-packages/colcon_core/task/python/colcon_distutils_commands:/workspace/ros2_ws/install/neuravac_cleaning/lib/python3.12/site-packages:/workspace/ros2_ws/build/neuravac_base:/workspace/ros2_ws/install/neuravac_base/lib/python3.12/site-packages:${PYTHONPATH} VIRTUAL_ENV_PROMPT=(neuravac-ros) /tmp/neuravac-ros/bin/python -W ignore:setup.py install is deprecated -W ignore:easy_install command is deprecated setup.py develop --editable --build-directory /workspace/ros2_ws/build/neuravac_cleaning/build --no-deps symlink_data
[3.664s] INFO:colcon.colcon_core.shell:Creating environment hook '/workspace/ros2_ws/build/neuravac_cleaning/share/neuravac_cleaning/hook/pythonpath_develop.sh'
[3.665s] Level 1:colcon.colcon_core.environment:checking '/workspace/ros2_ws/install/neuravac_cleaning' for CMake module files
[3.666s] Level 1:colcon.colcon_core.environment:checking '/workspace/ros2_ws/install/neuravac_cleaning' for CMake config files
[3.668s] Level 1:colcon.colcon_core.environment:checking '/workspace/ros2_ws/install/neuravac_cleaning/lib'
[3.668s] Level 1:colcon.colcon_core.environment:checking '/workspace/ros2_ws/install/neuravac_cleaning/bin'
[3.668s] Level 1:colcon.colcon_core.environment:checking '/workspace/ros2_ws/install/neuravac_cleaning/lib/pkgconfig/neuravac_cleaning.pc'
[3.668s] Level 1:colcon.colcon_core.environment:checking '/workspace/ros2_ws/install/neuravac_cleaning/lib/python3.12/site-packages'
[3.668s] Level 1:colcon.colcon_core.shell:create_environment_hook('neuravac_cleaning', 'pythonpath')
[3.669s] INFO:colcon.colcon_core.shell:Creating environment hook '/workspace/ros2_ws/install/neuravac_cleaning/share/neuravac_cleaning/hook/pythonpath.ps1'
[3.670s] INFO:colcon.colcon_core.shell:Creating environment descriptor '/workspace/ros2_ws/install/neuravac_cleaning/share/neuravac_cleaning/hook/pythonpath.dsv'
[3.670s] INFO:colcon.colcon_core.shell:Creating environment hook '/workspace/ros2_ws/install/neuravac_cleaning/share/neuravac_cleaning/hook/pythonpath.sh'
[3.670s] Level 1:colcon.colcon_core.environment:checking '/workspace/ros2_ws/install/neuravac_cleaning/bin'
[3.671s] Level 1:colcon.colcon_core.environment:create_environment_scripts_only(neuravac_cleaning)
[3.671s] INFO:colcon.colcon_core.shell:Creating package script '/workspace/ros2_ws/install/neuravac_cleaning/share/neuravac_cleaning/package.ps1'
[3.671s] INFO:colcon.colcon_core.shell:Creating package descriptor '/workspace/ros2_ws/install/neuravac_cleaning/share/neuravac_cleaning/package.dsv'
[3.671s] INFO:colcon.colcon_core.shell:Creating package script '/workspace/ros2_ws/install/neuravac_cleaning/share/neuravac_cleaning/package.sh'
[3.672s] INFO:colcon.colcon_core.shell:Creating package script '/workspace/ros2_ws/install/neuravac_cleaning/share/neuravac_cleaning/package.bash'
[3.672s] INFO:colcon.colcon_core.shell:Creating package script '/workspace/ros2_ws/install/neuravac_cleaning/share/neuravac_cleaning/package.zsh'
[3.673s] Level 1:colcon.colcon_core.environment:create_file_with_runtime_dependencies(/workspace/ros2_ws/install/neuravac_cleaning/share/colcon-core/packages/neuravac_cleaning)
[3.673s] Level 1:colcon.colcon_core.shell:create_environment_hook('neuravac_planner', 'pythonpath_develop')
[3.673s] INFO:colcon.colcon_core.shell:Creating environment hook '/workspace/ros2_ws/build/neuravac_planner/share/neuravac_planner/hook/pythonpath_develop.ps1'
[3.674s] INFO:colcon.colcon_core.shell:Creating environment descriptor '/workspace/ros2_ws/build/neuravac_planner/share/neuravac_planner/hook/pythonpath_develop.dsv'
[3.675s] DEBUG:colcon.colcon_core.event_handler.log_command:Invoked command in '/workspace/ros2_ws/build/neuravac_planner' returned '0': AMENT_PREFIX_PATH=/workspace/ros2_ws/install/neuravac_base:${AMENT_PREFIX_PATH} PS1=(neuravac-ros) PYTHONPATH=/workspace/ros2_ws/build/neuravac_planner/prefix_override:/usr/lib/python3/dist-packages/colcon_core/task/python/colcon_distutils_commands:/workspace/ros2_ws/install/neuravac_planner/lib/python3.12/site-packages:/workspace/ros2_ws/build/neuravac_base:/workspace/ros2_ws/install/neuravac_base/lib/python3.12/site-packages:${PYTHONPATH} VIRTUAL_ENV_PROMPT=(neuravac-ros) /tmp/neuravac-ros/bin/python -W ignore:setup.py install is deprecated -W ignore:easy_install command is deprecated setup.py develop --editable --build-directory /workspace/ros2_ws/build/neuravac_planner/build --no-deps symlink_data
[3.675s] INFO:colcon.colcon_core.shell:Creating environment hook '/workspace/ros2_ws/build/neuravac_planner/share/neuravac_planner/hook/pythonpath_develop.sh'
[3.676s] Level 1:colcon.colcon_core.environment:checking '/workspace/ros2_ws/install/neuravac_planner' for CMake module files
[3.677s] Level 1:colcon.colcon_core.environment:checking '/workspace/ros2_ws/install/neuravac_planner' for CMake config files
[3.680s] Level 1:colcon.colcon_core.environment:checking '/workspace/ros2_ws/install/neuravac_planner/lib'
[3.680s] Level 1:colcon.colcon_core.environment:checking '/workspace/ros2_ws/install/neuravac_planner/bin'
[3.680s] Level 1:colcon.colcon_core.environment:checking '/workspace/ros2_ws/install/neuravac_planner/lib/pkgconfig/neuravac_planner.pc'
[3.680s] Level 1:colcon.colcon_core.environment:checking '/workspace/ros2_ws/install/neuravac_planner/lib/python3.12/site-packages'
[3.680s] Level 1:colcon.colcon_core.shell:create_environment_hook('neuravac_planner', 'pythonpath')
[3.681s] INFO:colcon.colcon_core.shell:Creating environment hook '/workspace/ros2_ws/install/neuravac_planner/share/neuravac_planner/hook/pythonpath.ps1'
[3.682s] INFO:colcon.colcon_core.shell:Creating environment descriptor '/workspace/ros2_ws/install/neuravac_planner/share/neuravac_planner/hook/pythonpath.dsv'
[3.683s] INFO:colcon.colcon_core.shell:Creating environment hook '/workspace/ros2_ws/install/neuravac_planner/share/neuravac_planner/hook/pythonpath.sh'
[3.683s] Level 1:colcon.colcon_core.environment:checking '/workspace/ros2_ws/install/neuravac_planner/bin'
[3.683s] Level 1:colcon.colcon_core.environment:create_environment_scripts_only(neuravac_planner)
[3.684s] INFO:colcon.colcon_core.shell:Creating package script '/workspace/ros2_ws/install/neuravac_planner/share/neuravac_planner/package.ps1'
[3.684s] INFO:colcon.colcon_core.shell:Creating package descriptor '/workspace/ros2_ws/install/neuravac_planner/share/neuravac_planner/package.dsv'
[3.684s] INFO:colcon.colcon_core.shell:Creating package script '/workspace/ros2_ws/install/neuravac_planner/share/neuravac_planner/package.sh'
[3.685s] INFO:colcon.colcon_core.shell:Creating package script '/workspace/ros2_ws/install/neuravac_planner/share/neuravac_planner/package.bash'
[3.686s] INFO:colcon.colcon_core.shell:Creating package script '/workspace/ros2_ws/install/neuravac_planner/share/neuravac_planner/package.zsh'
[3.686s] Level 1:colcon.colcon_core.environment:create_file_with_runtime_dependencies(/workspace/ros2_ws/install/neuravac_planner/share/colcon-core/packages/neuravac_planner)
[3.687s] Level 1:colcon.colcon_core.shell:create_environment_hook('neuravac_semantic_map', 'pythonpath_develop')
[3.687s] INFO:colcon.colcon_core.shell:Creating environment hook '/workspace/ros2_ws/build/neuravac_semantic_map/share/neuravac_semantic_map/hook/pythonpath_develop.ps1'
[3.689s] INFO:colcon.colcon_core.shell:Creating environment descriptor '/workspace/ros2_ws/build/neuravac_semantic_map/share/neuravac_semantic_map/hook/pythonpath_develop.dsv'
[3.690s] INFO:colcon.colcon_core.shell:Creating environment hook '/workspace/ros2_ws/build/neuravac_semantic_map/share/neuravac_semantic_map/hook/pythonpath_develop.sh'
[3.691s] DEBUG:colcon.colcon_core.event_handler.log_command:Invoked command in '/workspace/ros2_ws/build/neuravac_semantic_map' returned '0': AMENT_PREFIX_PATH=/workspace/ros2_ws/install/neuravac_base:${AMENT_PREFIX_PATH} PS1=(neuravac-ros) PYTHONPATH=/workspace/ros2_ws/build/neuravac_semantic_map/prefix_override:/usr/lib/python3/dist-packages/colcon_core/task/python/colcon_distutils_commands:/workspace/ros2_ws/install/neuravac_semantic_map/lib/python3.12/site-packages:/workspace/ros2_ws/build/neuravac_base:/workspace/ros2_ws/install/neuravac_base/lib/python3.12/site-packages:${PYTHONPATH} VIRTUAL_ENV_PROMPT=(neuravac-ros) /tmp/neuravac-ros/bin/python -W ignore:setup.py install is deprecated -W ignore:easy_install command is deprecated setup.py develop --editable --build-directory /workspace/ros2_ws/build/neuravac_semantic_map/build --no-deps symlink_data
[3.691s] Level 1:colcon.colcon_core.environment:checking '/workspace/ros2_ws/install/neuravac_semantic_map' for CMake module files
[3.692s] Level 1:colcon.colcon_core.environment:checking '/workspace/ros2_ws/install/neuravac_semantic_map' for CMake config files
[3.696s] Level 1:colcon.colcon_core.environment:checking '/workspace/ros2_ws/install/neuravac_semantic_map/lib'
[3.696s] Level 1:colcon.colcon_core.environment:checking '/workspace/ros2_ws/install/neuravac_semantic_map/bin'
[3.697s] Level 1:colcon.colcon_core.environment:checking '/workspace/ros2_ws/install/neuravac_semantic_map/lib/pkgconfig/neuravac_semantic_map.pc'
[3.697s] Level 1:colcon.colcon_core.environment:checking '/workspace/ros2_ws/install/neuravac_semantic_map/lib/python3.12/site-packages'
[3.697s] Level 1:colcon.colcon_core.shell:create_environment_hook('neuravac_semantic_map', 'pythonpath')
[3.697s] INFO:colcon.colcon_core.shell:Creating environment hook '/workspace/ros2_ws/install/neuravac_semantic_map/share/neuravac_semantic_map/hook/pythonpath.ps1'
[3.698s] INFO:colcon.colcon_core.shell:Creating environment descriptor '/workspace/ros2_ws/install/neuravac_semantic_map/share/neuravac_semantic_map/hook/pythonpath.dsv'
[3.698s] INFO:colcon.colcon_core.shell:Creating environment hook '/workspace/ros2_ws/install/neuravac_semantic_map/share/neuravac_semantic_map/hook/pythonpath.sh'
[3.699s] Level 1:colcon.colcon_core.environment:checking '/workspace/ros2_ws/install/neuravac_semantic_map/bin'
[3.699s] Level 1:colcon.colcon_core.environment:create_environment_scripts_only(neuravac_semantic_map)
[3.699s] INFO:colcon.colcon_core.shell:Creating package script '/workspace/ros2_ws/install/neuravac_semantic_map/share/neuravac_semantic_map/package.ps1'
[3.700s] INFO:colcon.colcon_core.shell:Creating package descriptor '/workspace/ros2_ws/install/neuravac_semantic_map/share/neuravac_semantic_map/package.dsv'
[3.700s] INFO:colcon.colcon_core.shell:Creating package script '/workspace/ros2_ws/install/neuravac_semantic_map/share/neuravac_semantic_map/package.sh'
[3.701s] INFO:colcon.colcon_core.shell:Creating package script '/workspace/ros2_ws/install/neuravac_semantic_map/share/neuravac_semantic_map/package.bash'
[3.701s] INFO:colcon.colcon_core.shell:Creating package script '/workspace/ros2_ws/install/neuravac_semantic_map/share/neuravac_semantic_map/package.zsh'
[3.702s] Level 1:colcon.colcon_core.environment:create_file_with_runtime_dependencies(/workspace/ros2_ws/install/neuravac_semantic_map/share/colcon-core/packages/neuravac_semantic_map)
[3.702s] INFO:colcon.colcon_ros.task.ament_python.build:Building ROS package in '/workspace/ros2_ws/src/neuravac_bringup' with build type 'ament_python'
[3.702s] Level 1:colcon.colcon_core.shell:create_environment_hook('neuravac_bringup', 'ament_prefix_path')
[3.702s] INFO:colcon.colcon_core.shell:Creating environment hook '/workspace/ros2_ws/install/neuravac_bringup/share/neuravac_bringup/hook/ament_prefix_path.ps1'
[3.704s] INFO:colcon.colcon_core.shell:Creating environment descriptor '/workspace/ros2_ws/install/neuravac_bringup/share/neuravac_bringup/hook/ament_prefix_path.dsv'
[3.706s] INFO:colcon.colcon_core.shell:Creating environment hook '/workspace/ros2_ws/install/neuravac_bringup/share/neuravac_bringup/hook/ament_prefix_path.sh'
[3.706s] INFO:colcon.colcon_core.shell:Skip shell extension 'powershell' for command environment: Not usable outside of PowerShell
[3.706s] DEBUG:colcon.colcon_core.shell:Skip shell extension 'dsv' for command environment
[3.862s] INFO:colcon.colcon_core.task.python.build:Building Python package in '/workspace/ros2_ws/src/neuravac_bringup'
[3.862s] INFO:colcon.colcon_core.shell:Skip shell extension 'powershell' for command environment: Not usable outside of PowerShell
[3.862s] DEBUG:colcon.colcon_core.shell:Skip shell extension 'dsv' for command environment
[4.131s] DEBUG:colcon.colcon_core.task.python.build:Available setuptools commands: check, test, bdist_egg, symlink_data, install_data, bdist_wheel, build_ext, install_scripts, rotate, editable_wheel, setopt, alias, easy_install, clean, bdist_rpm, upload, build_scripts, egg_info, build_py, install_headers, sdist, build, upload_docs, install_egg_info, install, bdist, register, dist_info, install_lib, saveopts, develop, bdist_dumb, build_clib
[4.310s] DEBUG:colcon.colcon_core.task.python.build:Available setuptools 'develop' options: --allow-hosts, --index-url, --no-user-cfg, --build-directory, --quiet, --always-copy, --record, --verbose, --exclude-scripts, --no-deps, --force-installation-into-system-dir, --local-snapshots-ok, --editable, --zip-ok, --no-find-links, --find-links, --dry-run, --install-layout, --always-unzip, --optimize, --multi-version, --help, --uninstall, --install-dir, --egg-path, --prefix, --version, --script-dir, --site-dirs, --user, --upgrade
[4.314s] DEBUG:colcon.colcon_core.event_handler.log_command:Invoking command in '/workspace/ros2_ws/build/neuravac_bringup': AMENT_PREFIX_PATH=/workspace/ros2_ws/install/neuravac_world_model:/workspace/ros2_ws/install/neuravac_semantic_map:/workspace/ros2_ws/install/neuravac_safety:/workspace/ros2_ws/install/neuravac_planner:/workspace/ros2_ws/install/neuravac_perception:/workspace/ros2_ws/install/neuravac_dashboard:/workspace/ros2_ws/install/neuravac_cloud:/workspace/ros2_ws/install/neuravac_cleaning:/workspace/ros2_ws/install/neuravac_base:${AMENT_PREFIX_PATH} PS1=(neuravac-ros) PYTHONPATH=/workspace/ros2_ws/build/neuravac_bringup/prefix_override:/usr/lib/python3/dist-packages/colcon_core/task/python/colcon_distutils_commands:/workspace/ros2_ws/install/neuravac_bringup/lib/python3.12/site-packages:/workspace/ros2_ws/build/neuravac_world_model:/workspace/ros2_ws/install/neuravac_world_model/lib/python3.12/site-packages:/workspace/ros2_ws/build/neuravac_semantic_map:/workspace/ros2_ws/install/neuravac_semantic_map/lib/python3.12/site-packages:/workspace/ros2_ws/build/neuravac_safety:/workspace/ros2_ws/install/neuravac_safety/lib/python3.12/site-packages:/workspace/ros2_ws/build/neuravac_planner:/workspace/ros2_ws/install/neuravac_planner/lib/python3.12/site-packages:/workspace/ros2_ws/build/neuravac_perception:/workspace/ros2_ws/install/neuravac_perception/lib/python3.12/site-packages:/workspace/ros2_ws/build/neuravac_dashboard:/workspace/ros2_ws/install/neuravac_dashboard/lib/python3.12/site-packages:/workspace/ros2_ws/build/neuravac_cloud:/workspace/ros2_ws/install/neuravac_cloud/lib/python3.12/site-packages:/workspace/ros2_ws/build/neuravac_cleaning:/workspace/ros2_ws/install/neuravac_cleaning/lib/python3.12/site-packages:/workspace/ros2_ws/build/neuravac_base:/workspace/ros2_ws/install/neuravac_base/lib/python3.12/site-packages:${PYTHONPATH} VIRTUAL_ENV_PROMPT=(neuravac-ros) /tmp/neuravac-ros/bin/python -W ignore:setup.py install is deprecated -W ignore:easy_install command is deprecated setup.py develop --editable --build-directory /workspace/ros2_ws/build/neuravac_bringup/build --no-deps symlink_data
[4.630s] Level 1:colcon.colcon_core.shell:create_environment_hook('neuravac_bringup', 'pythonpath_develop')
[4.630s] INFO:colcon.colcon_core.shell:Creating environment hook '/workspace/ros2_ws/build/neuravac_bringup/share/neuravac_bringup/hook/pythonpath_develop.ps1'
[4.630s] DEBUG:colcon.colcon_core.event_handler.log_command:Invoked command in '/workspace/ros2_ws/build/neuravac_bringup' returned '0': AMENT_PREFIX_PATH=/workspace/ros2_ws/install/neuravac_world_model:/workspace/ros2_ws/install/neuravac_semantic_map:/workspace/ros2_ws/install/neuravac_safety:/workspace/ros2_ws/install/neuravac_planner:/workspace/ros2_ws/install/neuravac_perception:/workspace/ros2_ws/install/neuravac_dashboard:/workspace/ros2_ws/install/neuravac_cloud:/workspace/ros2_ws/install/neuravac_cleaning:/workspace/ros2_ws/install/neuravac_base:${AMENT_PREFIX_PATH} PS1=(neuravac-ros) PYTHONPATH=/workspace/ros2_ws/build/neuravac_bringup/prefix_override:/usr/lib/python3/dist-packages/colcon_core/task/python/colcon_distutils_commands:/workspace/ros2_ws/install/neuravac_bringup/lib/python3.12/site-packages:/workspace/ros2_ws/build/neuravac_world_model:/workspace/ros2_ws/install/neuravac_world_model/lib/python3.12/site-packages:/workspace/ros2_ws/build/neuravac_semantic_map:/workspace/ros2_ws/install/neuravac_semantic_map/lib/python3.12/site-packages:/workspace/ros2_ws/build/neuravac_safety:/workspace/ros2_ws/install/neuravac_safety/lib/python3.12/site-packages:/workspace/ros2_ws/build/neuravac_planner:/workspace/ros2_ws/install/neuravac_planner/lib/python3.12/site-packages:/workspace/ros2_ws/build/neuravac_perception:/workspace/ros2_ws/install/neuravac_perception/lib/python3.12/site-packages:/workspace/ros2_ws/build/neuravac_dashboard:/workspace/ros2_ws/install/neuravac_dashboard/lib/python3.12/site-packages:/workspace/ros2_ws/build/neuravac_cloud:/workspace/ros2_ws/install/neuravac_cloud/lib/python3.12/site-packages:/workspace/ros2_ws/build/neuravac_cleaning:/workspace/ros2_ws/install/neuravac_cleaning/lib/python3.12/site-packages:/workspace/ros2_ws/build/neuravac_base:/workspace/ros2_ws/install/neuravac_base/lib/python3.12/site-packages:${PYTHONPATH} VIRTUAL_ENV_PROMPT=(neuravac-ros) /tmp/neuravac-ros/bin/python -W ignore:setup.py install is deprecated -W ignore:easy_install command is deprecated setup.py develop --editable --build-directory /workspace/ros2_ws/build/neuravac_bringup/build --no-deps symlink_data
[4.631s] INFO:colcon.colcon_core.shell:Creating environment descriptor '/workspace/ros2_ws/build/neuravac_bringup/share/neuravac_bringup/hook/pythonpath_develop.dsv'
[4.632s] INFO:colcon.colcon_core.shell:Creating environment hook '/workspace/ros2_ws/build/neuravac_bringup/share/neuravac_bringup/hook/pythonpath_develop.sh'
[4.632s] Level 1:colcon.colcon_core.environment:checking '/workspace/ros2_ws/install/neuravac_bringup' for CMake module files
[4.633s] Level 1:colcon.colcon_core.environment:checking '/workspace/ros2_ws/install/neuravac_bringup' for CMake config files
[4.636s] Level 1:colcon.colcon_core.environment:checking '/workspace/ros2_ws/install/neuravac_bringup/lib'
[4.636s] Level 1:colcon.colcon_core.environment:checking '/workspace/ros2_ws/install/neuravac_bringup/bin'
[4.636s] Level 1:colcon.colcon_core.environment:checking '/workspace/ros2_ws/install/neuravac_bringup/lib/pkgconfig/neuravac_bringup.pc'
[4.636s] Level 1:colcon.colcon_core.environment:checking '/workspace/ros2_ws/install/neuravac_bringup/lib/python3.12/site-packages'
[4.637s] Level 1:colcon.colcon_core.shell:create_environment_hook('neuravac_bringup', 'pythonpath')
[4.637s] INFO:colcon.colcon_core.shell:Creating environment hook '/workspace/ros2_ws/install/neuravac_bringup/share/neuravac_bringup/hook/pythonpath.ps1'
[4.637s] INFO:colcon.colcon_core.shell:Creating environment descriptor '/workspace/ros2_ws/install/neuravac_bringup/share/neuravac_bringup/hook/pythonpath.dsv'
[4.638s] INFO:colcon.colcon_core.shell:Creating environment hook '/workspace/ros2_ws/install/neuravac_bringup/share/neuravac_bringup/hook/pythonpath.sh'
[4.639s] Level 1:colcon.colcon_core.environment:checking '/workspace/ros2_ws/install/neuravac_bringup/bin'
[4.639s] Level 1:colcon.colcon_core.environment:create_environment_scripts_only(neuravac_bringup)
[4.639s] INFO:colcon.colcon_core.shell:Creating package script '/workspace/ros2_ws/install/neuravac_bringup/share/neuravac_bringup/package.ps1'
[4.640s] INFO:colcon.colcon_core.shell:Creating package descriptor '/workspace/ros2_ws/install/neuravac_bringup/share/neuravac_bringup/package.dsv'
[4.640s] INFO:colcon.colcon_core.shell:Creating package script '/workspace/ros2_ws/install/neuravac_bringup/share/neuravac_bringup/package.sh'
[4.640s] INFO:colcon.colcon_core.shell:Creating package script '/workspace/ros2_ws/install/neuravac_bringup/share/neuravac_bringup/package.bash'
[4.641s] INFO:colcon.colcon_core.shell:Creating package script '/workspace/ros2_ws/install/neuravac_bringup/share/neuravac_bringup/package.zsh'
[4.641s] Level 1:colcon.colcon_core.environment:create_file_with_runtime_dependencies(/workspace/ros2_ws/install/neuravac_bringup/share/colcon-core/packages/neuravac_bringup)
[4.641s] DEBUG:colcon.colcon_parallel_executor.executor.parallel:closing loop
[4.642s] DEBUG:colcon.colcon_parallel_executor.executor.parallel:loop closed
[4.642s] DEBUG:colcon.colcon_parallel_executor.executor.parallel:run_until_complete finished with '0'
[4.642s] DEBUG:colcon.colcon_core.event_reactor:joining thread
[4.649s] INFO:colcon.colcon_core.plugin_system:Skipping extension 'colcon_notification.desktop_notification.notify_send': Could not find 'notify-send'
[4.649s] INFO:colcon.colcon_core.plugin_system:Skipping extension 'colcon_notification.desktop_notification.terminal_notifier': Not used on non-Darwin systems
[4.649s] INFO:colcon.colcon_core.plugin_system:Skipping extension 'colcon_notification.desktop_notification.win32': Not used on non-Windows systems
[4.649s] INFO:colcon.colcon_notification.desktop_notification:Sending desktop notification using 'notify2'
[4.649s] DEBUG:colcon.colcon_notification.desktop_notification.notify2:Failed to initialize notify2: org.freedesktop.DBus.Error.NotSupported: Unable to autolaunch a dbus-daemon without a $DISPLAY for X11
[4.649s] DEBUG:colcon.colcon_core.event_reactor:joined thread
[4.649s] INFO:colcon.colcon_core.shell:Creating prefix script '/workspace/ros2_ws/install/local_setup.ps1'
[4.650s] INFO:colcon.colcon_core.shell:Creating prefix util module '/workspace/ros2_ws/install/_local_setup_util_ps1.py'
[4.651s] INFO:colcon.colcon_core.shell:Creating prefix chain script '/workspace/ros2_ws/install/setup.ps1'
[4.653s] INFO:colcon.colcon_core.shell:Creating prefix script '/workspace/ros2_ws/install/local_setup.sh'
[4.654s] INFO:colcon.colcon_core.shell:Creating prefix util module '/workspace/ros2_ws/install/_local_setup_util_sh.py'
[4.654s] INFO:colcon.colcon_core.shell:Creating prefix chain script '/workspace/ros2_ws/install/setup.sh'
[4.655s] INFO:colcon.colcon_core.shell:Creating prefix script '/workspace/ros2_ws/install/local_setup.bash'
[4.655s] INFO:colcon.colcon_core.shell:Creating prefix chain script '/workspace/ros2_ws/install/setup.bash'
[4.656s] INFO:colcon.colcon_core.shell:Creating prefix script '/workspace/ros2_ws/install/local_setup.zsh'
[4.656s] INFO:colcon.colcon_core.shell:Creating prefix chain script '/workspace/ros2_ws/install/setup.zsh'
