[0.378s] DEBUG:colcon:Command line arguments: ['/Users/ericchen/Documents/GitHub/NeuraVac/.venv/lib/python3.12/site-packages/colcon/__main__.py', 'build', '--base-paths', 'ros2_ws/src', '--build-base', 'ros2_ws/build', '--install-base', 'ros2_ws/install', '--symlink-install']
[0.378s] DEBUG:colcon:Parsed command line arguments: Namespace(log_base=None, log_level=None, verb_name='build', build_base='/Users/ericchen/Documents/GitHub/NeuraVac/ros2_ws/build', install_base='/Users/ericchen/Documents/GitHub/NeuraVac/ros2_ws/install', merge_install=False, symlink_install=True, test_result_base=None, continue_on_error=False, executor='parallel', parallel_workers=11, event_handlers=None, ignore_user_meta=False, metas=['./colcon.meta'], base_paths=['ros2_ws/src'], packages_ignore=None, packages_ignore_regex=None, paths=None, packages_up_to=None, packages_up_to_regex=None, packages_above=None, packages_above_and_dependencies=None, packages_above_depth=None, packages_select_by_dep=None, packages_skip_by_dep=None, packages_skip_up_to=None, packages_select_build_failed=False, packages_skip_build_finished=False, packages_select_test_failures=False, packages_skip_test_passed=False, packages_select=None, packages_skip=None, packages_select_regex=None, packages_skip_regex=None, packages_start=None, packages_end=None, cmake_args=None, cmake_target=None, cmake_target_skip_unavailable=False, cmake_clean_cache=False, cmake_clean_first=False, cmake_force_configure=False, ament_cmake_args=None, catkin_cmake_args=None, catkin_skip_building_tests=False, verb_parser=<colcon_defaults.argument_parser.defaults.DefaultArgumentsDecorator object at 0x1020a75c0>, verb_extension=<colcon_core.verb.build.BuildVerb object at 0x1020a62a0>, main=<bound method BuildVerb.main of <colcon_core.verb.build.BuildVerb object at 0x1020a62a0>>)
[0.485s] Level 1:colcon.colcon_core.package_discovery:discover_packages(colcon_meta) check parameters
[0.485s] Level 1:colcon.colcon_core.package_discovery:discover_packages(recursive) check parameters
[0.485s] Level 1:colcon.colcon_core.package_discovery:discover_packages(ignore) check parameters
[0.485s] Level 1:colcon.colcon_core.package_discovery:discover_packages(path) check parameters
[0.485s] Level 1:colcon.colcon_core.package_discovery:discover_packages(recursive) discover
[0.485s] INFO:colcon.colcon_core.package_discovery:Crawling recursively for packages in '/Users/ericchen/Documents/GitHub/NeuraVac/ros2_ws/src'
[0.485s] Level 1:colcon.colcon_core.package_identification:_identify(ros2_ws/src) by extensions ['ignore', 'ignore_ament_install']
[0.485s] Level 1:colcon.colcon_core.package_identification:_identify(ros2_ws/src) by extension 'ignore'
[0.485s] Level 1:colcon.colcon_core.package_identification:_identify(ros2_ws/src) by extension 'ignore_ament_install'
[0.485s] Level 1:colcon.colcon_core.package_identification:_identify(ros2_ws/src) by extensions ['colcon_pkg']
[0.485s] Level 1:colcon.colcon_core.package_identification:_identify(ros2_ws/src) by extension 'colcon_pkg'
[0.485s] Level 1:colcon.colcon_core.package_identification:_identify(ros2_ws/src) by extensions ['colcon_meta']
[0.485s] Level 1:colcon.colcon_core.package_identification:_identify(ros2_ws/src) by extension 'colcon_meta'
[0.485s] Level 1:colcon.colcon_core.package_identification:_identify(ros2_ws/src) by extensions ['ros']
[0.485s] Level 1:colcon.colcon_core.package_identification:_identify(ros2_ws/src) by extension 'ros'
[0.566s] Level 1:colcon.colcon_core.package_identification:_identify(ros2_ws/src) by extensions ['cmake', 'python']
[0.566s] Level 1:colcon.colcon_core.package_identification:_identify(ros2_ws/src) by extension 'cmake'
[0.566s] Level 1:colcon.colcon_core.package_identification:_identify(ros2_ws/src) by extension 'python'
[0.566s] Level 1:colcon.colcon_core.package_identification:_identify(ros2_ws/src) by extensions ['python_setup_py']
[0.566s] Level 1:colcon.colcon_core.package_identification:_identify(ros2_ws/src) by extension 'python_setup_py'
[0.566s] Level 1:colcon.colcon_core.package_identification:_identify(ros2_ws/src/neuravac_base) by extensions ['ignore', 'ignore_ament_install']
[0.567s] Level 1:colcon.colcon_core.package_identification:_identify(ros2_ws/src/neuravac_base) by extension 'ignore'
[0.567s] Level 1:colcon.colcon_core.package_identification:_identify(ros2_ws/src/neuravac_base) by extension 'ignore_ament_install'
[0.567s] Level 1:colcon.colcon_core.package_identification:_identify(ros2_ws/src/neuravac_base) by extensions ['colcon_pkg']
[0.567s] Level 1:colcon.colcon_core.package_identification:_identify(ros2_ws/src/neuravac_base) by extension 'colcon_pkg'
[0.567s] Level 1:colcon.colcon_core.package_identification:_identify(ros2_ws/src/neuravac_base) by extensions ['colcon_meta']
[0.567s] Level 1:colcon.colcon_core.package_identification:_identify(ros2_ws/src/neuravac_base) by extension 'colcon_meta'
[0.567s] Level 1:colcon.colcon_core.package_identification:_identify(ros2_ws/src/neuravac_base) by extensions ['ros']
[0.567s] Level 1:colcon.colcon_core.package_identification:_identify(ros2_ws/src/neuravac_base) by extension 'ros'
[0.574s] DEBUG:colcon.colcon_core.package_identification:Package 'ros2_ws/src/neuravac_base' with type 'ros.ament_python' and name 'neuravac_base'
[0.574s] Level 1:colcon.colcon_core.package_identification:_identify(ros2_ws/src/neuravac_bringup) by extensions ['ignore', 'ignore_ament_install']
[0.574s] Level 1:colcon.colcon_core.package_identification:_identify(ros2_ws/src/neuravac_bringup) by extension 'ignore'
[0.574s] Level 1:colcon.colcon_core.package_identification:_identify(ros2_ws/src/neuravac_bringup) by extension 'ignore_ament_install'
[0.574s] Level 1:colcon.colcon_core.package_identification:_identify(ros2_ws/src/neuravac_bringup) by extensions ['colcon_pkg']
[0.574s] Level 1:colcon.colcon_core.package_identification:_identify(ros2_ws/src/neuravac_bringup) by extension 'colcon_pkg'
[0.574s] Level 1:colcon.colcon_core.package_identification:_identify(ros2_ws/src/neuravac_bringup) by extensions ['colcon_meta']
[0.574s] Level 1:colcon.colcon_core.package_identification:_identify(ros2_ws/src/neuravac_bringup) by extension 'colcon_meta'
[0.574s] Level 1:colcon.colcon_core.package_identification:_identify(ros2_ws/src/neuravac_bringup) by extensions ['ros']
[0.574s] Level 1:colcon.colcon_core.package_identification:_identify(ros2_ws/src/neuravac_bringup) by extension 'ros'
[0.575s] DEBUG:colcon.colcon_core.package_identification:Package 'ros2_ws/src/neuravac_bringup' with type 'ros.ament_python' and name 'neuravac_bringup'
[0.575s] Level 1:colcon.colcon_core.package_identification:_identify(ros2_ws/src/neuravac_cleaning) by extensions ['ignore', 'ignore_ament_install']
[0.575s] Level 1:colcon.colcon_core.package_identification:_identify(ros2_ws/src/neuravac_cleaning) by extension 'ignore'
[0.575s] Level 1:colcon.colcon_core.package_identification:_identify(ros2_ws/src/neuravac_cleaning) by extension 'ignore_ament_install'
[0.575s] Level 1:colcon.colcon_core.package_identification:_identify(ros2_ws/src/neuravac_cleaning) by extensions ['colcon_pkg']
[0.575s] Level 1:colcon.colcon_core.package_identification:_identify(ros2_ws/src/neuravac_cleaning) by extension 'colcon_pkg'
[0.575s] Level 1:colcon.colcon_core.package_identification:_identify(ros2_ws/src/neuravac_cleaning) by extensions ['colcon_meta']
[0.575s] Level 1:colcon.colcon_core.package_identification:_identify(ros2_ws/src/neuravac_cleaning) by extension 'colcon_meta'
[0.575s] Level 1:colcon.colcon_core.package_identification:_identify(ros2_ws/src/neuravac_cleaning) by extensions ['ros']
[0.575s] Level 1:colcon.colcon_core.package_identification:_identify(ros2_ws/src/neuravac_cleaning) by extension 'ros'
[0.576s] DEBUG:colcon.colcon_core.package_identification:Package 'ros2_ws/src/neuravac_cleaning' with type 'ros.ament_python' and name 'neuravac_cleaning'
[0.576s] Level 1:colcon.colcon_core.package_identification:_identify(ros2_ws/src/neuravac_cloud) by extensions ['ignore', 'ignore_ament_install']
[0.576s] Level 1:colcon.colcon_core.package_identification:_identify(ros2_ws/src/neuravac_cloud) by extension 'ignore'
[0.576s] Level 1:colcon.colcon_core.package_identification:_identify(ros2_ws/src/neuravac_cloud) by extension 'ignore_ament_install'
[0.576s] Level 1:colcon.colcon_core.package_identification:_identify(ros2_ws/src/neuravac_cloud) by extensions ['colcon_pkg']
[0.576s] Level 1:colcon.colcon_core.package_identification:_identify(ros2_ws/src/neuravac_cloud) by extension 'colcon_pkg'
[0.576s] Level 1:colcon.colcon_core.package_identification:_identify(ros2_ws/src/neuravac_cloud) by extensions ['colcon_meta']
[0.576s] Level 1:colcon.colcon_core.package_identification:_identify(ros2_ws/src/neuravac_cloud) by extension 'colcon_meta'
[0.576s] Level 1:colcon.colcon_core.package_identification:_identify(ros2_ws/src/neuravac_cloud) by extensions ['ros']
[0.576s] Level 1:colcon.colcon_core.package_identification:_identify(ros2_ws/src/neuravac_cloud) by extension 'ros'
[0.576s] DEBUG:colcon.colcon_core.package_identification:Package 'ros2_ws/src/neuravac_cloud' with type 'ros.ament_python' and name 'neuravac_cloud'
[0.576s] Level 1:colcon.colcon_core.package_identification:_identify(ros2_ws/src/neuravac_dashboard) by extensions ['ignore', 'ignore_ament_install']
[0.576s] Level 1:colcon.colcon_core.package_identification:_identify(ros2_ws/src/neuravac_dashboard) by extension 'ignore'
[0.576s] Level 1:colcon.colcon_core.package_identification:_identify(ros2_ws/src/neuravac_dashboard) by extension 'ignore_ament_install'
[0.576s] Level 1:colcon.colcon_core.package_identification:_identify(ros2_ws/src/neuravac_dashboard) by extensions ['colcon_pkg']
[0.576s] Level 1:colcon.colcon_core.package_identification:_identify(ros2_ws/src/neuravac_dashboard) by extension 'colcon_pkg'
[0.576s] Level 1:colcon.colcon_core.package_identification:_identify(ros2_ws/src/neuravac_dashboard) by extensions ['colcon_meta']
[0.576s] Level 1:colcon.colcon_core.package_identification:_identify(ros2_ws/src/neuravac_dashboard) by extension 'colcon_meta'
[0.576s] Level 1:colcon.colcon_core.package_identification:_identify(ros2_ws/src/neuravac_dashboard) by extensions ['ros']
[0.576s] Level 1:colcon.colcon_core.package_identification:_identify(ros2_ws/src/neuravac_dashboard) by extension 'ros'
[0.577s] DEBUG:colcon.colcon_core.package_identification:Package 'ros2_ws/src/neuravac_dashboard' with type 'ros.ament_python' and name 'neuravac_dashboard'
[0.577s] Level 1:colcon.colcon_core.package_identification:_identify(ros2_ws/src/neuravac_perception) by extensions ['ignore', 'ignore_ament_install']
[0.577s] Level 1:colcon.colcon_core.package_identification:_identify(ros2_ws/src/neuravac_perception) by extension 'ignore'
[0.577s] Level 1:colcon.colcon_core.package_identification:_identify(ros2_ws/src/neuravac_perception) by extension 'ignore_ament_install'
[0.577s] Level 1:colcon.colcon_core.package_identification:_identify(ros2_ws/src/neuravac_perception) by extensions ['colcon_pkg']
[0.577s] Level 1:colcon.colcon_core.package_identification:_identify(ros2_ws/src/neuravac_perception) by extension 'colcon_pkg'
[0.577s] Level 1:colcon.colcon_core.package_identification:_identify(ros2_ws/src/neuravac_perception) by extensions ['colcon_meta']
[0.577s] Level 1:colcon.colcon_core.package_identification:_identify(ros2_ws/src/neuravac_perception) by extension 'colcon_meta'
[0.577s] Level 1:colcon.colcon_core.package_identification:_identify(ros2_ws/src/neuravac_perception) by extensions ['ros']
[0.577s] Level 1:colcon.colcon_core.package_identification:_identify(ros2_ws/src/neuravac_perception) by extension 'ros'
[0.578s] DEBUG:colcon.colcon_core.package_identification:Package 'ros2_ws/src/neuravac_perception' with type 'ros.ament_python' and name 'neuravac_perception'
[0.578s] Level 1:colcon.colcon_core.package_identification:_identify(ros2_ws/src/neuravac_planner) by extensions ['ignore', 'ignore_ament_install']
[0.578s] Level 1:colcon.colcon_core.package_identification:_identify(ros2_ws/src/neuravac_planner) by extension 'ignore'
[0.578s] Level 1:colcon.colcon_core.package_identification:_identify(ros2_ws/src/neuravac_planner) by extension 'ignore_ament_install'
[0.578s] Level 1:colcon.colcon_core.package_identification:_identify(ros2_ws/src/neuravac_planner) by extensions ['colcon_pkg']
[0.578s] Level 1:colcon.colcon_core.package_identification:_identify(ros2_ws/src/neuravac_planner) by extension 'colcon_pkg'
[0.578s] Level 1:colcon.colcon_core.package_identification:_identify(ros2_ws/src/neuravac_planner) by extensions ['colcon_meta']
[0.578s] Level 1:colcon.colcon_core.package_identification:_identify(ros2_ws/src/neuravac_planner) by extension 'colcon_meta'
[0.578s] Level 1:colcon.colcon_core.package_identification:_identify(ros2_ws/src/neuravac_planner) by extensions ['ros']
[0.578s] Level 1:colcon.colcon_core.package_identification:_identify(ros2_ws/src/neuravac_planner) by extension 'ros'
[0.579s] DEBUG:colcon.colcon_core.package_identification:Package 'ros2_ws/src/neuravac_planner' with type 'ros.ament_python' and name 'neuravac_planner'
[0.579s] Level 1:colcon.colcon_core.package_identification:_identify(ros2_ws/src/neuravac_safety) by extensions ['ignore', 'ignore_ament_install']
[0.579s] Level 1:colcon.colcon_core.package_identification:_identify(ros2_ws/src/neuravac_safety) by extension 'ignore'
[0.579s] Level 1:colcon.colcon_core.package_identification:_identify(ros2_ws/src/neuravac_safety) by extension 'ignore_ament_install'
[0.579s] Level 1:colcon.colcon_core.package_identification:_identify(ros2_ws/src/neuravac_safety) by extensions ['colcon_pkg']
[0.579s] Level 1:colcon.colcon_core.package_identification:_identify(ros2_ws/src/neuravac_safety) by extension 'colcon_pkg'
[0.579s] Level 1:colcon.colcon_core.package_identification:_identify(ros2_ws/src/neuravac_safety) by extensions ['colcon_meta']
[0.579s] Level 1:colcon.colcon_core.package_identification:_identify(ros2_ws/src/neuravac_safety) by extension 'colcon_meta'
[0.579s] Level 1:colcon.colcon_core.package_identification:_identify(ros2_ws/src/neuravac_safety) by extensions ['ros']
[0.579s] Level 1:colcon.colcon_core.package_identification:_identify(ros2_ws/src/neuravac_safety) by extension 'ros'
[0.579s] DEBUG:colcon.colcon_core.package_identification:Package 'ros2_ws/src/neuravac_safety' with type 'ros.ament_python' and name 'neuravac_safety'
[0.580s] Level 1:colcon.colcon_core.package_identification:_identify(ros2_ws/src/neuravac_semantic_map) by extensions ['ignore', 'ignore_ament_install']
[0.580s] Level 1:colcon.colcon_core.package_identification:_identify(ros2_ws/src/neuravac_semantic_map) by extension 'ignore'
[0.580s] Level 1:colcon.colcon_core.package_identification:_identify(ros2_ws/src/neuravac_semantic_map) by extension 'ignore_ament_install'
[0.580s] Level 1:colcon.colcon_core.package_identification:_identify(ros2_ws/src/neuravac_semantic_map) by extensions ['colcon_pkg']
[0.580s] Level 1:colcon.colcon_core.package_identification:_identify(ros2_ws/src/neuravac_semantic_map) by extension 'colcon_pkg'
[0.580s] Level 1:colcon.colcon_core.package_identification:_identify(ros2_ws/src/neuravac_semantic_map) by extensions ['colcon_meta']
[0.580s] Level 1:colcon.colcon_core.package_identification:_identify(ros2_ws/src/neuravac_semantic_map) by extension 'colcon_meta'
[0.580s] Level 1:colcon.colcon_core.package_identification:_identify(ros2_ws/src/neuravac_semantic_map) by extensions ['ros']
[0.580s] Level 1:colcon.colcon_core.package_identification:_identify(ros2_ws/src/neuravac_semantic_map) by extension 'ros'
[0.580s] DEBUG:colcon.colcon_core.package_identification:Package 'ros2_ws/src/neuravac_semantic_map' with type 'ros.ament_python' and name 'neuravac_semantic_map'
[0.580s] Level 1:colcon.colcon_core.package_identification:_identify(ros2_ws/src/neuravac_world_model) by extensions ['ignore', 'ignore_ament_install']
[0.580s] Level 1:colcon.colcon_core.package_identification:_identify(ros2_ws/src/neuravac_world_model) by extension 'ignore'
[0.580s] Level 1:colcon.colcon_core.package_identification:_identify(ros2_ws/src/neuravac_world_model) by extension 'ignore_ament_install'
[0.580s] Level 1:colcon.colcon_core.package_identification:_identify(ros2_ws/src/neuravac_world_model) by extensions ['colcon_pkg']
[0.580s] Level 1:colcon.colcon_core.package_identification:_identify(ros2_ws/src/neuravac_world_model) by extension 'colcon_pkg'
[0.580s] Level 1:colcon.colcon_core.package_identification:_identify(ros2_ws/src/neuravac_world_model) by extensions ['colcon_meta']
[0.580s] Level 1:colcon.colcon_core.package_identification:_identify(ros2_ws/src/neuravac_world_model) by extension 'colcon_meta'
[0.580s] Level 1:colcon.colcon_core.package_identification:_identify(ros2_ws/src/neuravac_world_model) by extensions ['ros']
[0.580s] Level 1:colcon.colcon_core.package_identification:_identify(ros2_ws/src/neuravac_world_model) by extension 'ros'
[0.581s] DEBUG:colcon.colcon_core.package_identification:Package 'ros2_ws/src/neuravac_world_model' with type 'ros.ament_python' and name 'neuravac_world_model'
[0.581s] Level 1:colcon.colcon_core.package_discovery:discover_packages(recursive) using defaults
[0.623s] Level 5:colcon.colcon_core.verb:set package 'neuravac_base' build argument 'cmake_args' from command line to 'None'
[0.623s] Level 5:colcon.colcon_core.verb:set package 'neuravac_base' build argument 'cmake_target' from command line to 'None'
[0.623s] Level 5:colcon.colcon_core.verb:set package 'neuravac_base' build argument 'cmake_target_skip_unavailable' from command line to 'False'
[0.623s] Level 5:colcon.colcon_core.verb:set package 'neuravac_base' build argument 'cmake_clean_cache' from command line to 'False'
[0.623s] Level 5:colcon.colcon_core.verb:set package 'neuravac_base' build argument 'cmake_clean_first' from command line to 'False'
[0.623s] Level 5:colcon.colcon_core.verb:set package 'neuravac_base' build argument 'cmake_force_configure' from command line to 'False'
[0.623s] Level 5:colcon.colcon_core.verb:set package 'neuravac_base' build argument 'ament_cmake_args' from command line to 'None'
[0.623s] Level 5:colcon.colcon_core.verb:set package 'neuravac_base' build argument 'catkin_cmake_args' from command line to 'None'
[0.623s] Level 5:colcon.colcon_core.verb:set package 'neuravac_base' build argument 'catkin_skip_building_tests' from command line to 'False'
[0.623s] DEBUG:colcon.colcon_core.verb:Building package 'neuravac_base' with the following arguments: {'ament_cmake_args': None, 'build_base': '/Users/ericchen/Documents/GitHub/NeuraVac/ros2_ws/build/neuravac_base', 'catkin_cmake_args': None, 'catkin_skip_building_tests': False, 'cmake_args': None, 'cmake_clean_cache': False, 'cmake_clean_first': False, 'cmake_force_configure': False, 'cmake_target': None, 'cmake_target_skip_unavailable': False, 'install_base': '/Users/ericchen/Documents/GitHub/NeuraVac/ros2_ws/install/neuravac_base', 'merge_install': False, 'path': '/Users/ericchen/Documents/GitHub/NeuraVac/ros2_ws/src/neuravac_base', 'symlink_install': True, 'test_result_base': None}
[0.623s] Level 5:colcon.colcon_core.verb:set package 'neuravac_cleaning' build argument 'cmake_args' from command line to 'None'
[0.623s] Level 5:colcon.colcon_core.verb:set package 'neuravac_cleaning' build argument 'cmake_target' from command line to 'None'
[0.623s] Level 5:colcon.colcon_core.verb:set package 'neuravac_cleaning' build argument 'cmake_target_skip_unavailable' from command line to 'False'
[0.623s] Level 5:colcon.colcon_core.verb:set package 'neuravac_cleaning' build argument 'cmake_clean_cache' from command line to 'False'
[0.623s] Level 5:colcon.colcon_core.verb:set package 'neuravac_cleaning' build argument 'cmake_clean_first' from command line to 'False'
[0.623s] Level 5:colcon.colcon_core.verb:set package 'neuravac_cleaning' build argument 'cmake_force_configure' from command line to 'False'
[0.623s] Level 5:colcon.colcon_core.verb:set package 'neuravac_cleaning' build argument 'ament_cmake_args' from command line to 'None'
[0.623s] Level 5:colcon.colcon_core.verb:set package 'neuravac_cleaning' build argument 'catkin_cmake_args' from command line to 'None'
[0.623s] Level 5:colcon.colcon_core.verb:set package 'neuravac_cleaning' build argument 'catkin_skip_building_tests' from command line to 'False'
[0.623s] DEBUG:colcon.colcon_core.verb:Building package 'neuravac_cleaning' with the following arguments: {'ament_cmake_args': None, 'build_base': '/Users/ericchen/Documents/GitHub/NeuraVac/ros2_ws/build/neuravac_cleaning', 'catkin_cmake_args': None, 'catkin_skip_building_tests': False, 'cmake_args': None, 'cmake_clean_cache': False, 'cmake_clean_first': False, 'cmake_force_configure': False, 'cmake_target': None, 'cmake_target_skip_unavailable': False, 'install_base': '/Users/ericchen/Documents/GitHub/NeuraVac/ros2_ws/install/neuravac_cleaning', 'merge_install': False, 'path': '/Users/ericchen/Documents/GitHub/NeuraVac/ros2_ws/src/neuravac_cleaning', 'symlink_install': True, 'test_result_base': None}
[0.623s] Level 5:colcon.colcon_core.verb:set package 'neuravac_cloud' build argument 'cmake_args' from command line to 'None'
[0.623s] Level 5:colcon.colcon_core.verb:set package 'neuravac_cloud' build argument 'cmake_target' from command line to 'None'
[0.623s] Level 5:colcon.colcon_core.verb:set package 'neuravac_cloud' build argument 'cmake_target_skip_unavailable' from command line to 'False'
[0.623s] Level 5:colcon.colcon_core.verb:set package 'neuravac_cloud' build argument 'cmake_clean_cache' from command line to 'False'
[0.623s] Level 5:colcon.colcon_core.verb:set package 'neuravac_cloud' build argument 'cmake_clean_first' from command line to 'False'
[0.623s] Level 5:colcon.colcon_core.verb:set package 'neuravac_cloud' build argument 'cmake_force_configure' from command line to 'False'
[0.623s] Level 5:colcon.colcon_core.verb:set package 'neuravac_cloud' build argument 'ament_cmake_args' from command line to 'None'
[0.623s] Level 5:colcon.colcon_core.verb:set package 'neuravac_cloud' build argument 'catkin_cmake_args' from command line to 'None'
[0.623s] Level 5:colcon.colcon_core.verb:set package 'neuravac_cloud' build argument 'catkin_skip_building_tests' from command line to 'False'
[0.623s] DEBUG:colcon.colcon_core.verb:Building package 'neuravac_cloud' with the following arguments: {'ament_cmake_args': None, 'build_base': '/Users/ericchen/Documents/GitHub/NeuraVac/ros2_ws/build/neuravac_cloud', 'catkin_cmake_args': None, 'catkin_skip_building_tests': False, 'cmake_args': None, 'cmake_clean_cache': False, 'cmake_clean_first': False, 'cmake_force_configure': False, 'cmake_target': None, 'cmake_target_skip_unavailable': False, 'install_base': '/Users/ericchen/Documents/GitHub/NeuraVac/ros2_ws/install/neuravac_cloud', 'merge_install': False, 'path': '/Users/ericchen/Documents/GitHub/NeuraVac/ros2_ws/src/neuravac_cloud', 'symlink_install': True, 'test_result_base': None}
[0.624s] Level 5:colcon.colcon_core.verb:set package 'neuravac_dashboard' build argument 'cmake_args' from command line to 'None'
[0.624s] Level 5:colcon.colcon_core.verb:set package 'neuravac_dashboard' build argument 'cmake_target' from command line to 'None'
[0.624s] Level 5:colcon.colcon_core.verb:set package 'neuravac_dashboard' build argument 'cmake_target_skip_unavailable' from command line to 'False'
[0.624s] Level 5:colcon.colcon_core.verb:set package 'neuravac_dashboard' build argument 'cmake_clean_cache' from command line to 'False'
[0.624s] Level 5:colcon.colcon_core.verb:set package 'neuravac_dashboard' build argument 'cmake_clean_first' from command line to 'False'
[0.624s] Level 5:colcon.colcon_core.verb:set package 'neuravac_dashboard' build argument 'cmake_force_configure' from command line to 'False'
[0.624s] Level 5:colcon.colcon_core.verb:set package 'neuravac_dashboard' build argument 'ament_cmake_args' from command line to 'None'
[0.624s] Level 5:colcon.colcon_core.verb:set package 'neuravac_dashboard' build argument 'catkin_cmake_args' from command line to 'None'
[0.624s] Level 5:colcon.colcon_core.verb:set package 'neuravac_dashboard' build argument 'catkin_skip_building_tests' from command line to 'False'
[0.624s] DEBUG:colcon.colcon_core.verb:Building package 'neuravac_dashboard' with the following arguments: {'ament_cmake_args': None, 'build_base': '/Users/ericchen/Documents/GitHub/NeuraVac/ros2_ws/build/neuravac_dashboard', 'catkin_cmake_args': None, 'catkin_skip_building_tests': False, 'cmake_args': None, 'cmake_clean_cache': False, 'cmake_clean_first': False, 'cmake_force_configure': False, 'cmake_target': None, 'cmake_target_skip_unavailable': False, 'install_base': '/Users/ericchen/Documents/GitHub/NeuraVac/ros2_ws/install/neuravac_dashboard', 'merge_install': False, 'path': '/Users/ericchen/Documents/GitHub/NeuraVac/ros2_ws/src/neuravac_dashboard', 'symlink_install': True, 'test_result_base': None}
[0.624s] Level 5:colcon.colcon_core.verb:set package 'neuravac_perception' build argument 'cmake_args' from command line to 'None'
[0.624s] Level 5:colcon.colcon_core.verb:set package 'neuravac_perception' build argument 'cmake_target' from command line to 'None'
[0.624s] Level 5:colcon.colcon_core.verb:set package 'neuravac_perception' build argument 'cmake_target_skip_unavailable' from command line to 'False'
[0.624s] Level 5:colcon.colcon_core.verb:set package 'neuravac_perception' build argument 'cmake_clean_cache' from command line to 'False'
[0.624s] Level 5:colcon.colcon_core.verb:set package 'neuravac_perception' build argument 'cmake_clean_first' from command line to 'False'
[0.624s] Level 5:colcon.colcon_core.verb:set package 'neuravac_perception' build argument 'cmake_force_configure' from command line to 'False'
[0.624s] Level 5:colcon.colcon_core.verb:set package 'neuravac_perception' build argument 'ament_cmake_args' from command line to 'None'
[0.624s] Level 5:colcon.colcon_core.verb:set package 'neuravac_perception' build argument 'catkin_cmake_args' from command line to 'None'
[0.624s] Level 5:colcon.colcon_core.verb:set package 'neuravac_perception' build argument 'catkin_skip_building_tests' from command line to 'False'
[0.624s] DEBUG:colcon.colcon_core.verb:Building package 'neuravac_perception' with the following arguments: {'ament_cmake_args': None, 'build_base': '/Users/ericchen/Documents/GitHub/NeuraVac/ros2_ws/build/neuravac_perception', 'catkin_cmake_args': None, 'catkin_skip_building_tests': False, 'cmake_args': None, 'cmake_clean_cache': False, 'cmake_clean_first': False, 'cmake_force_configure': False, 'cmake_target': None, 'cmake_target_skip_unavailable': False, 'install_base': '/Users/ericchen/Documents/GitHub/NeuraVac/ros2_ws/install/neuravac_perception', 'merge_install': False, 'path': '/Users/ericchen/Documents/GitHub/NeuraVac/ros2_ws/src/neuravac_perception', 'symlink_install': True, 'test_result_base': None}
[0.624s] Level 5:colcon.colcon_core.verb:set package 'neuravac_planner' build argument 'cmake_args' from command line to 'None'
[0.624s] Level 5:colcon.colcon_core.verb:set package 'neuravac_planner' build argument 'cmake_target' from command line to 'None'
[0.624s] Level 5:colcon.colcon_core.verb:set package 'neuravac_planner' build argument 'cmake_target_skip_unavailable' from command line to 'False'
[0.624s] Level 5:colcon.colcon_core.verb:set package 'neuravac_planner' build argument 'cmake_clean_cache' from command line to 'False'
[0.624s] Level 5:colcon.colcon_core.verb:set package 'neuravac_planner' build argument 'cmake_clean_first' from command line to 'False'
[0.624s] Level 5:colcon.colcon_core.verb:set package 'neuravac_planner' build argument 'cmake_force_configure' from command line to 'False'
[0.624s] Level 5:colcon.colcon_core.verb:set package 'neuravac_planner' build argument 'ament_cmake_args' from command line to 'None'
[0.624s] Level 5:colcon.colcon_core.verb:set package 'neuravac_planner' build argument 'catkin_cmake_args' from command line to 'None'
[0.624s] Level 5:colcon.colcon_core.verb:set package 'neuravac_planner' build argument 'catkin_skip_building_tests' from command line to 'False'
[0.624s] DEBUG:colcon.colcon_core.verb:Building package 'neuravac_planner' with the following arguments: {'ament_cmake_args': None, 'build_base': '/Users/ericchen/Documents/GitHub/NeuraVac/ros2_ws/build/neuravac_planner', 'catkin_cmake_args': None, 'catkin_skip_building_tests': False, 'cmake_args': None, 'cmake_clean_cache': False, 'cmake_clean_first': False, 'cmake_force_configure': False, 'cmake_target': None, 'cmake_target_skip_unavailable': False, 'install_base': '/Users/ericchen/Documents/GitHub/NeuraVac/ros2_ws/install/neuravac_planner', 'merge_install': False, 'path': '/Users/ericchen/Documents/GitHub/NeuraVac/ros2_ws/src/neuravac_planner', 'symlink_install': True, 'test_result_base': None}
[0.625s] Level 5:colcon.colcon_core.verb:set package 'neuravac_safety' build argument 'cmake_args' from command line to 'None'
[0.625s] Level 5:colcon.colcon_core.verb:set package 'neuravac_safety' build argument 'cmake_target' from command line to 'None'
[0.625s] Level 5:colcon.colcon_core.verb:set package 'neuravac_safety' build argument 'cmake_target_skip_unavailable' from command line to 'False'
[0.625s] Level 5:colcon.colcon_core.verb:set package 'neuravac_safety' build argument 'cmake_clean_cache' from command line to 'False'
[0.625s] Level 5:colcon.colcon_core.verb:set package 'neuravac_safety' build argument 'cmake_clean_first' from command line to 'False'
[0.625s] Level 5:colcon.colcon_core.verb:set package 'neuravac_safety' build argument 'cmake_force_configure' from command line to 'False'
[0.625s] Level 5:colcon.colcon_core.verb:set package 'neuravac_safety' build argument 'ament_cmake_args' from command line to 'None'
[0.625s] Level 5:colcon.colcon_core.verb:set package 'neuravac_safety' build argument 'catkin_cmake_args' from command line to 'None'
[0.625s] Level 5:colcon.colcon_core.verb:set package 'neuravac_safety' build argument 'catkin_skip_building_tests' from command line to 'False'
[0.625s] DEBUG:colcon.colcon_core.verb:Building package 'neuravac_safety' with the following arguments: {'ament_cmake_args': None, 'build_base': '/Users/ericchen/Documents/GitHub/NeuraVac/ros2_ws/build/neuravac_safety', 'catkin_cmake_args': None, 'catkin_skip_building_tests': False, 'cmake_args': None, 'cmake_clean_cache': False, 'cmake_clean_first': False, 'cmake_force_configure': False, 'cmake_target': None, 'cmake_target_skip_unavailable': False, 'install_base': '/Users/ericchen/Documents/GitHub/NeuraVac/ros2_ws/install/neuravac_safety', 'merge_install': False, 'path': '/Users/ericchen/Documents/GitHub/NeuraVac/ros2_ws/src/neuravac_safety', 'symlink_install': True, 'test_result_base': None}
[0.625s] Level 5:colcon.colcon_core.verb:set package 'neuravac_semantic_map' build argument 'cmake_args' from command line to 'None'
[0.625s] Level 5:colcon.colcon_core.verb:set package 'neuravac_semantic_map' build argument 'cmake_target' from command line to 'None'
[0.625s] Level 5:colcon.colcon_core.verb:set package 'neuravac_semantic_map' build argument 'cmake_target_skip_unavailable' from command line to 'False'
[0.625s] Level 5:colcon.colcon_core.verb:set package 'neuravac_semantic_map' build argument 'cmake_clean_cache' from command line to 'False'
[0.625s] Level 5:colcon.colcon_core.verb:set package 'neuravac_semantic_map' build argument 'cmake_clean_first' from command line to 'False'
[0.625s] Level 5:colcon.colcon_core.verb:set package 'neuravac_semantic_map' build argument 'cmake_force_configure' from command line to 'False'
[0.625s] Level 5:colcon.colcon_core.verb:set package 'neuravac_semantic_map' build argument 'ament_cmake_args' from command line to 'None'
[0.625s] Level 5:colcon.colcon_core.verb:set package 'neuravac_semantic_map' build argument 'catkin_cmake_args' from command line to 'None'
[0.625s] Level 5:colcon.colcon_core.verb:set package 'neuravac_semantic_map' build argument 'catkin_skip_building_tests' from command line to 'False'
[0.625s] DEBUG:colcon.colcon_core.verb:Building package 'neuravac_semantic_map' with the following arguments: {'ament_cmake_args': None, 'build_base': '/Users/ericchen/Documents/GitHub/NeuraVac/ros2_ws/build/neuravac_semantic_map', 'catkin_cmake_args': None, 'catkin_skip_building_tests': False, 'cmake_args': None, 'cmake_clean_cache': False, 'cmake_clean_first': False, 'cmake_force_configure': False, 'cmake_target': None, 'cmake_target_skip_unavailable': False, 'install_base': '/Users/ericchen/Documents/GitHub/NeuraVac/ros2_ws/install/neuravac_semantic_map', 'merge_install': False, 'path': '/Users/ericchen/Documents/GitHub/NeuraVac/ros2_ws/src/neuravac_semantic_map', 'symlink_install': True, 'test_result_base': None}
[0.625s] Level 5:colcon.colcon_core.verb:set package 'neuravac_world_model' build argument 'cmake_args' from command line to 'None'
[0.625s] Level 5:colcon.colcon_core.verb:set package 'neuravac_world_model' build argument 'cmake_target' from command line to 'None'
[0.625s] Level 5:colcon.colcon_core.verb:set package 'neuravac_world_model' build argument 'cmake_target_skip_unavailable' from command line to 'False'
[0.625s] Level 5:colcon.colcon_core.verb:set package 'neuravac_world_model' build argument 'cmake_clean_cache' from command line to 'False'
[0.625s] Level 5:colcon.colcon_core.verb:set package 'neuravac_world_model' build argument 'cmake_clean_first' from command line to 'False'
[0.625s] Level 5:colcon.colcon_core.verb:set package 'neuravac_world_model' build argument 'cmake_force_configure' from command line to 'False'
[0.625s] Level 5:colcon.colcon_core.verb:set package 'neuravac_world_model' build argument 'ament_cmake_args' from command line to 'None'
[0.625s] Level 5:colcon.colcon_core.verb:set package 'neuravac_world_model' build argument 'catkin_cmake_args' from command line to 'None'
[0.625s] Level 5:colcon.colcon_core.verb:set package 'neuravac_world_model' build argument 'catkin_skip_building_tests' from command line to 'False'
[0.625s] DEBUG:colcon.colcon_core.verb:Building package 'neuravac_world_model' with the following arguments: {'ament_cmake_args': None, 'build_base': '/Users/ericchen/Documents/GitHub/NeuraVac/ros2_ws/build/neuravac_world_model', 'catkin_cmake_args': None, 'catkin_skip_building_tests': False, 'cmake_args': None, 'cmake_clean_cache': False, 'cmake_clean_first': False, 'cmake_force_configure': False, 'cmake_target': None, 'cmake_target_skip_unavailable': False, 'install_base': '/Users/ericchen/Documents/GitHub/NeuraVac/ros2_ws/install/neuravac_world_model', 'merge_install': False, 'path': '/Users/ericchen/Documents/GitHub/NeuraVac/ros2_ws/src/neuravac_world_model', 'symlink_install': True, 'test_result_base': None}
[0.625s] Level 5:colcon.colcon_core.verb:set package 'neuravac_bringup' build argument 'cmake_args' from command line to 'None'
[0.625s] Level 5:colcon.colcon_core.verb:set package 'neuravac_bringup' build argument 'cmake_target' from command line to 'None'
[0.625s] Level 5:colcon.colcon_core.verb:set package 'neuravac_bringup' build argument 'cmake_target_skip_unavailable' from command line to 'False'
[0.625s] Level 5:colcon.colcon_core.verb:set package 'neuravac_bringup' build argument 'cmake_clean_cache' from command line to 'False'
[0.625s] Level 5:colcon.colcon_core.verb:set package 'neuravac_bringup' build argument 'cmake_clean_first' from command line to 'False'
[0.625s] Level 5:colcon.colcon_core.verb:set package 'neuravac_bringup' build argument 'cmake_force_configure' from command line to 'False'
[0.625s] Level 5:colcon.colcon_core.verb:set package 'neuravac_bringup' build argument 'ament_cmake_args' from command line to 'None'
[0.625s] Level 5:colcon.colcon_core.verb:set package 'neuravac_bringup' build argument 'catkin_cmake_args' from command line to 'None'
[0.625s] Level 5:colcon.colcon_core.verb:set package 'neuravac_bringup' build argument 'catkin_skip_building_tests' from command line to 'False'
[0.625s] DEBUG:colcon.colcon_core.verb:Building package 'neuravac_bringup' with the following arguments: {'ament_cmake_args': None, 'build_base': '/Users/ericchen/Documents/GitHub/NeuraVac/ros2_ws/build/neuravac_bringup', 'catkin_cmake_args': None, 'catkin_skip_building_tests': False, 'cmake_args': None, 'cmake_clean_cache': False, 'cmake_clean_first': False, 'cmake_force_configure': False, 'cmake_target': None, 'cmake_target_skip_unavailable': False, 'install_base': '/Users/ericchen/Documents/GitHub/NeuraVac/ros2_ws/install/neuravac_bringup', 'merge_install': False, 'path': '/Users/ericchen/Documents/GitHub/NeuraVac/ros2_ws/src/neuravac_bringup', 'symlink_install': True, 'test_result_base': None}
[0.625s] INFO:colcon.colcon_core.executor:Executing jobs using 'parallel' executor
[0.626s] DEBUG:colcon.colcon_parallel_executor.executor.parallel:run_until_complete
[0.626s] INFO:colcon.colcon_ros.task.ament_python.build:Building ROS package in '/Users/ericchen/Documents/GitHub/NeuraVac/ros2_ws/src/neuravac_base' with build type 'ament_python'
[0.626s] Level 1:colcon.colcon_core.shell:create_environment_hook('neuravac_base', 'ament_prefix_path')
[0.636s] INFO:colcon.colcon_core.plugin_system:Skipping extension 'colcon_core.shell.bat': Not used on non-Windows systems
[0.636s] INFO:colcon.colcon_core.shell:Creating environment hook '/Users/ericchen/Documents/GitHub/NeuraVac/ros2_ws/install/neuravac_base/share/neuravac_base/hook/ament_prefix_path.ps1'
[0.637s] INFO:colcon.colcon_core.shell:Creating environment descriptor '/Users/ericchen/Documents/GitHub/NeuraVac/ros2_ws/install/neuravac_base/share/neuravac_base/hook/ament_prefix_path.dsv'
[0.638s] INFO:colcon.colcon_core.shell:Creating environment hook '/Users/ericchen/Documents/GitHub/NeuraVac/ros2_ws/install/neuravac_base/share/neuravac_base/hook/ament_prefix_path.sh'
[0.639s] INFO:colcon.colcon_core.shell:Skip shell extension 'powershell' for command environment: Not usable outside of PowerShell
[0.639s] DEBUG:colcon.colcon_core.shell:Skip shell extension 'dsv' for command environment
[0.765s] INFO:colcon.colcon_core.task.python.build:Building Python package in '/Users/ericchen/Documents/GitHub/NeuraVac/ros2_ws/src/neuravac_base'
[0.765s] INFO:colcon.colcon_core.shell:Skip shell extension 'powershell' for command environment: Not usable outside of PowerShell
[0.766s] DEBUG:colcon.colcon_core.shell:Skip shell extension 'dsv' for command environment
[1.189s] DEBUG:colcon.colcon_core.task.python.build:Available setuptools commands: bdist, editable_wheel, build_scripts, develop, build_py, install_egg_info, setopt, rotate, easy_install, sdist, install_lib, clean, install_data, symlink_data, install_scripts, bdist_rpm, build_ext, alias, egg_info, saveopts, build, bdist_dumb, dist_info, install, build_clib, install_headers, bdist_egg, check, bdist_wheel
[1.334s] DEBUG:colcon.colcon_core.task.python.build:Available setuptools 'develop' options: --verbose, --install-dir, --prefix, --multi-version, --find-links, --help, --allow-hosts, --always-unzip, --optimize, --always-copy, --editable, --no-deps, --site-dirs, --zip-ok, --record, --quiet, --index-url, --no-find-links, --no-user-cfg, --script-dir, --user, --upgrade, --local-snapshots-ok, --version, --dry-run, --exclude-scripts, --egg-path, --build-directory, --uninstall
[1.337s] DEBUG:colcon.colcon_core.event_handler.log_command:Invoking command in '/Users/ericchen/Documents/GitHub/NeuraVac/ros2_ws/build/neuravac_base': PYTHONPATH=/Users/ericchen/Documents/GitHub/NeuraVac/ros2_ws/build/neuravac_base/prefix_override:/Users/ericchen/Documents/GitHub/NeuraVac/.venv/lib/python3.12/site-packages/colcon_core/task/python/colcon_distutils_commands:/Users/ericchen/Documents/GitHub/NeuraVac/ros2_ws/install/neuravac_base/lib/python3.12/site-packages: SHLVL=2 _=/usr/bin/env /Users/ericchen/Documents/GitHub/NeuraVac/.venv/bin/python -W ignore:setup.py install is deprecated -W ignore:easy_install command is deprecated setup.py develop --editable --build-directory /Users/ericchen/Documents/GitHub/NeuraVac/ros2_ws/build/neuravac_base/build --no-deps symlink_data
[1.533s] Level 1:colcon.colcon_core.shell:create_environment_hook('neuravac_base', 'pythonpath_develop')
[1.533s] INFO:colcon.colcon_core.shell:Creating environment hook '/Users/ericchen/Documents/GitHub/NeuraVac/ros2_ws/build/neuravac_base/share/neuravac_base/hook/pythonpath_develop.ps1'
[1.533s] DEBUG:colcon.colcon_core.event_handler.log_command:Invoked command in '/Users/ericchen/Documents/GitHub/NeuraVac/ros2_ws/build/neuravac_base' returned '0': PYTHONPATH=/Users/ericchen/Documents/GitHub/NeuraVac/ros2_ws/build/neuravac_base/prefix_override:/Users/ericchen/Documents/GitHub/NeuraVac/.venv/lib/python3.12/site-packages/colcon_core/task/python/colcon_distutils_commands:/Users/ericchen/Documents/GitHub/NeuraVac/ros2_ws/install/neuravac_base/lib/python3.12/site-packages: SHLVL=2 _=/usr/bin/env /Users/ericchen/Documents/GitHub/NeuraVac/.venv/bin/python -W ignore:setup.py install is deprecated -W ignore:easy_install command is deprecated setup.py develop --editable --build-directory /Users/ericchen/Documents/GitHub/NeuraVac/ros2_ws/build/neuravac_base/build --no-deps symlink_data
[1.534s] INFO:colcon.colcon_core.shell:Creating environment descriptor '/Users/ericchen/Documents/GitHub/NeuraVac/ros2_ws/build/neuravac_base/share/neuravac_base/hook/pythonpath_develop.dsv'
[1.534s] INFO:colcon.colcon_core.shell:Creating environment hook '/Users/ericchen/Documents/GitHub/NeuraVac/ros2_ws/build/neuravac_base/share/neuravac_base/hook/pythonpath_develop.sh'
[1.541s] Level 1:colcon.colcon_core.environment:checking '/Users/ericchen/Documents/GitHub/NeuraVac/ros2_ws/install/neuravac_base' for CMake module files
[1.542s] Level 1:colcon.colcon_core.environment:checking '/Users/ericchen/Documents/GitHub/NeuraVac/ros2_ws/install/neuravac_base' for CMake config files
[1.542s] Level 1:colcon.colcon_core.environment:checking '/Users/ericchen/Documents/GitHub/NeuraVac/ros2_ws/install/neuravac_base/lib'
[1.542s] Level 1:colcon.colcon_core.environment:checking '/Users/ericchen/Documents/GitHub/NeuraVac/ros2_ws/install/neuravac_base/bin'
[1.542s] Level 1:colcon.colcon_core.environment:checking '/Users/ericchen/Documents/GitHub/NeuraVac/ros2_ws/install/neuravac_base/lib/pkgconfig/neuravac_base.pc'
[1.543s] Level 1:colcon.colcon_core.environment:checking '/Users/ericchen/Documents/GitHub/NeuraVac/ros2_ws/install/neuravac_base/lib/python3.12/site-packages'
[1.543s] Level 1:colcon.colcon_core.shell:create_environment_hook('neuravac_base', 'pythonpath')
[1.543s] INFO:colcon.colcon_core.shell:Creating environment hook '/Users/ericchen/Documents/GitHub/NeuraVac/ros2_ws/install/neuravac_base/share/neuravac_base/hook/pythonpath.ps1'
[1.543s] INFO:colcon.colcon_core.shell:Creating environment descriptor '/Users/ericchen/Documents/GitHub/NeuraVac/ros2_ws/install/neuravac_base/share/neuravac_base/hook/pythonpath.dsv'
[1.543s] INFO:colcon.colcon_core.shell:Creating environment hook '/Users/ericchen/Documents/GitHub/NeuraVac/ros2_ws/install/neuravac_base/share/neuravac_base/hook/pythonpath.sh'
[1.544s] Level 1:colcon.colcon_core.environment:checking '/Users/ericchen/Documents/GitHub/NeuraVac/ros2_ws/install/neuravac_base/bin'
[1.544s] Level 1:colcon.colcon_core.environment:create_environment_scripts_only(neuravac_base)
[1.544s] INFO:colcon.colcon_core.shell:Creating package script '/Users/ericchen/Documents/GitHub/NeuraVac/ros2_ws/install/neuravac_base/share/neuravac_base/package.ps1'
[1.545s] INFO:colcon.colcon_core.shell:Creating package descriptor '/Users/ericchen/Documents/GitHub/NeuraVac/ros2_ws/install/neuravac_base/share/neuravac_base/package.dsv'
[1.545s] INFO:colcon.colcon_core.shell:Creating package script '/Users/ericchen/Documents/GitHub/NeuraVac/ros2_ws/install/neuravac_base/share/neuravac_base/package.sh'
[1.546s] INFO:colcon.colcon_core.shell:Creating package script '/Users/ericchen/Documents/GitHub/NeuraVac/ros2_ws/install/neuravac_base/share/neuravac_base/package.bash'
[1.547s] INFO:colcon.colcon_core.shell:Creating package script '/Users/ericchen/Documents/GitHub/NeuraVac/ros2_ws/install/neuravac_base/share/neuravac_base/package.zsh'
[1.547s] Level 1:colcon.colcon_core.environment:create_file_with_runtime_dependencies(/Users/ericchen/Documents/GitHub/NeuraVac/ros2_ws/install/neuravac_base/share/colcon-core/packages/neuravac_base)
[1.548s] INFO:colcon.colcon_ros.task.ament_python.build:Building ROS package in '/Users/ericchen/Documents/GitHub/NeuraVac/ros2_ws/src/neuravac_cleaning' with build type 'ament_python'
[1.548s] Level 1:colcon.colcon_core.shell:create_environment_hook('neuravac_cleaning', 'ament_prefix_path')
[1.548s] INFO:colcon.colcon_core.shell:Creating environment hook '/Users/ericchen/Documents/GitHub/NeuraVac/ros2_ws/install/neuravac_cleaning/share/neuravac_cleaning/hook/ament_prefix_path.ps1'
[1.549s] INFO:colcon.colcon_core.shell:Creating environment descriptor '/Users/ericchen/Documents/GitHub/NeuraVac/ros2_ws/install/neuravac_cleaning/share/neuravac_cleaning/hook/ament_prefix_path.dsv'
[1.549s] INFO:colcon.colcon_core.shell:Creating environment hook '/Users/ericchen/Documents/GitHub/NeuraVac/ros2_ws/install/neuravac_cleaning/share/neuravac_cleaning/hook/ament_prefix_path.sh'
[1.549s] INFO:colcon.colcon_core.shell:Skip shell extension 'powershell' for command environment: Not usable outside of PowerShell
[1.549s] DEBUG:colcon.colcon_core.shell:Skip shell extension 'dsv' for command environment
[1.553s] INFO:colcon.colcon_ros.task.ament_python.build:Building ROS package in '/Users/ericchen/Documents/GitHub/NeuraVac/ros2_ws/src/neuravac_cloud' with build type 'ament_python'
[1.553s] Level 1:colcon.colcon_core.shell:create_environment_hook('neuravac_cloud', 'ament_prefix_path')
[1.553s] INFO:colcon.colcon_core.shell:Creating environment hook '/Users/ericchen/Documents/GitHub/NeuraVac/ros2_ws/install/neuravac_cloud/share/neuravac_cloud/hook/ament_prefix_path.ps1'
[1.554s] INFO:colcon.colcon_core.shell:Creating environment descriptor '/Users/ericchen/Documents/GitHub/NeuraVac/ros2_ws/install/neuravac_cloud/share/neuravac_cloud/hook/ament_prefix_path.dsv'
[1.555s] INFO:colcon.colcon_core.shell:Creating environment hook '/Users/ericchen/Documents/GitHub/NeuraVac/ros2_ws/install/neuravac_cloud/share/neuravac_cloud/hook/ament_prefix_path.sh'
[1.555s] INFO:colcon.colcon_core.shell:Skip shell extension 'powershell' for command environment: Not usable outside of PowerShell
[1.555s] DEBUG:colcon.colcon_core.shell:Skip shell extension 'dsv' for command environment
[1.558s] INFO:colcon.colcon_ros.task.ament_python.build:Building ROS package in '/Users/ericchen/Documents/GitHub/NeuraVac/ros2_ws/src/neuravac_dashboard' with build type 'ament_python'
[1.559s] Level 1:colcon.colcon_core.shell:create_environment_hook('neuravac_dashboard', 'ament_prefix_path')
[1.559s] INFO:colcon.colcon_core.shell:Creating environment hook '/Users/ericchen/Documents/GitHub/NeuraVac/ros2_ws/install/neuravac_dashboard/share/neuravac_dashboard/hook/ament_prefix_path.ps1'
[1.560s] INFO:colcon.colcon_core.shell:Creating environment descriptor '/Users/ericchen/Documents/GitHub/NeuraVac/ros2_ws/install/neuravac_dashboard/share/neuravac_dashboard/hook/ament_prefix_path.dsv'
[1.561s] INFO:colcon.colcon_core.shell:Creating environment hook '/Users/ericchen/Documents/GitHub/NeuraVac/ros2_ws/install/neuravac_dashboard/share/neuravac_dashboard/hook/ament_prefix_path.sh'
[1.561s] INFO:colcon.colcon_core.shell:Skip shell extension 'powershell' for command environment: Not usable outside of PowerShell
[1.561s] DEBUG:colcon.colcon_core.shell:Skip shell extension 'dsv' for command environment
[1.565s] INFO:colcon.colcon_ros.task.ament_python.build:Building ROS package in '/Users/ericchen/Documents/GitHub/NeuraVac/ros2_ws/src/neuravac_perception' with build type 'ament_python'
[1.565s] Level 1:colcon.colcon_core.shell:create_environment_hook('neuravac_perception', 'ament_prefix_path')
[1.565s] INFO:colcon.colcon_core.shell:Creating environment hook '/Users/ericchen/Documents/GitHub/NeuraVac/ros2_ws/install/neuravac_perception/share/neuravac_perception/hook/ament_prefix_path.ps1'
[1.567s] INFO:colcon.colcon_core.shell:Creating environment descriptor '/Users/ericchen/Documents/GitHub/NeuraVac/ros2_ws/install/neuravac_perception/share/neuravac_perception/hook/ament_prefix_path.dsv'
[1.567s] INFO:colcon.colcon_core.shell:Creating environment hook '/Users/ericchen/Documents/GitHub/NeuraVac/ros2_ws/install/neuravac_perception/share/neuravac_perception/hook/ament_prefix_path.sh'
[1.568s] INFO:colcon.colcon_core.shell:Skip shell extension 'powershell' for command environment: Not usable outside of PowerShell
[1.568s] DEBUG:colcon.colcon_core.shell:Skip shell extension 'dsv' for command environment
[1.571s] INFO:colcon.colcon_ros.task.ament_python.build:Building ROS package in '/Users/ericchen/Documents/GitHub/NeuraVac/ros2_ws/src/neuravac_planner' with build type 'ament_python'
[1.571s] Level 1:colcon.colcon_core.shell:create_environment_hook('neuravac_planner', 'ament_prefix_path')
[1.572s] INFO:colcon.colcon_core.shell:Creating environment hook '/Users/ericchen/Documents/GitHub/NeuraVac/ros2_ws/install/neuravac_planner/share/neuravac_planner/hook/ament_prefix_path.ps1'
[1.574s] INFO:colcon.colcon_core.shell:Creating environment descriptor '/Users/ericchen/Documents/GitHub/NeuraVac/ros2_ws/install/neuravac_planner/share/neuravac_planner/hook/ament_prefix_path.dsv'
[1.574s] INFO:colcon.colcon_core.shell:Creating environment hook '/Users/ericchen/Documents/GitHub/NeuraVac/ros2_ws/install/neuravac_planner/share/neuravac_planner/hook/ament_prefix_path.sh'
[1.575s] INFO:colcon.colcon_core.shell:Skip shell extension 'powershell' for command environment: Not usable outside of PowerShell
[1.575s] DEBUG:colcon.colcon_core.shell:Skip shell extension 'dsv' for command environment
[1.578s] INFO:colcon.colcon_ros.task.ament_python.build:Building ROS package in '/Users/ericchen/Documents/GitHub/NeuraVac/ros2_ws/src/neuravac_safety' with build type 'ament_python'
[1.579s] Level 1:colcon.colcon_core.shell:create_environment_hook('neuravac_safety', 'ament_prefix_path')
[1.579s] INFO:colcon.colcon_core.shell:Creating environment hook '/Users/ericchen/Documents/GitHub/NeuraVac/ros2_ws/install/neuravac_safety/share/neuravac_safety/hook/ament_prefix_path.ps1'
[1.581s] INFO:colcon.colcon_core.shell:Creating environment descriptor '/Users/ericchen/Documents/GitHub/NeuraVac/ros2_ws/install/neuravac_safety/share/neuravac_safety/hook/ament_prefix_path.dsv'
[1.582s] INFO:colcon.colcon_core.shell:Creating environment hook '/Users/ericchen/Documents/GitHub/NeuraVac/ros2_ws/install/neuravac_safety/share/neuravac_safety/hook/ament_prefix_path.sh'
[1.583s] INFO:colcon.colcon_core.shell:Skip shell extension 'powershell' for command environment: Not usable outside of PowerShell
[1.583s] DEBUG:colcon.colcon_core.shell:Skip shell extension 'dsv' for command environment
[1.586s] INFO:colcon.colcon_ros.task.ament_python.build:Building ROS package in '/Users/ericchen/Documents/GitHub/NeuraVac/ros2_ws/src/neuravac_semantic_map' with build type 'ament_python'
[1.586s] Level 1:colcon.colcon_core.shell:create_environment_hook('neuravac_semantic_map', 'ament_prefix_path')
[1.587s] INFO:colcon.colcon_core.shell:Creating environment hook '/Users/ericchen/Documents/GitHub/NeuraVac/ros2_ws/install/neuravac_semantic_map/share/neuravac_semantic_map/hook/ament_prefix_path.ps1'
[1.588s] INFO:colcon.colcon_core.shell:Creating environment descriptor '/Users/ericchen/Documents/GitHub/NeuraVac/ros2_ws/install/neuravac_semantic_map/share/neuravac_semantic_map/hook/ament_prefix_path.dsv'
[1.588s] INFO:colcon.colcon_core.shell:Creating environment hook '/Users/ericchen/Documents/GitHub/NeuraVac/ros2_ws/install/neuravac_semantic_map/share/neuravac_semantic_map/hook/ament_prefix_path.sh'
[1.589s] INFO:colcon.colcon_core.shell:Skip shell extension 'powershell' for command environment: Not usable outside of PowerShell
[1.589s] DEBUG:colcon.colcon_core.shell:Skip shell extension 'dsv' for command environment
[1.592s] INFO:colcon.colcon_ros.task.ament_python.build:Building ROS package in '/Users/ericchen/Documents/GitHub/NeuraVac/ros2_ws/src/neuravac_world_model' with build type 'ament_python'
[1.592s] Level 1:colcon.colcon_core.shell:create_environment_hook('neuravac_world_model', 'ament_prefix_path')
[1.593s] INFO:colcon.colcon_core.shell:Creating environment hook '/Users/ericchen/Documents/GitHub/NeuraVac/ros2_ws/install/neuravac_world_model/share/neuravac_world_model/hook/ament_prefix_path.ps1'
[1.594s] INFO:colcon.colcon_core.shell:Creating environment descriptor '/Users/ericchen/Documents/GitHub/NeuraVac/ros2_ws/install/neuravac_world_model/share/neuravac_world_model/hook/ament_prefix_path.dsv'
[1.595s] INFO:colcon.colcon_core.shell:Creating environment hook '/Users/ericchen/Documents/GitHub/NeuraVac/ros2_ws/install/neuravac_world_model/share/neuravac_world_model/hook/ament_prefix_path.sh'
[1.595s] INFO:colcon.colcon_core.shell:Skip shell extension 'powershell' for command environment: Not usable outside of PowerShell
[1.595s] DEBUG:colcon.colcon_core.shell:Skip shell extension 'dsv' for command environment
[1.718s] INFO:colcon.colcon_core.task.python.build:Building Python package in '/Users/ericchen/Documents/GitHub/NeuraVac/ros2_ws/src/neuravac_cleaning'
[1.718s] INFO:colcon.colcon_core.shell:Skip shell extension 'powershell' for command environment: Not usable outside of PowerShell
[1.718s] DEBUG:colcon.colcon_core.shell:Skip shell extension 'dsv' for command environment
[1.851s] INFO:colcon.colcon_core.task.python.build:Building Python package in '/Users/ericchen/Documents/GitHub/NeuraVac/ros2_ws/src/neuravac_cloud'
[1.852s] INFO:colcon.colcon_core.shell:Skip shell extension 'powershell' for command environment: Not usable outside of PowerShell
[1.852s] DEBUG:colcon.colcon_core.shell:Skip shell extension 'dsv' for command environment
[1.953s] INFO:colcon.colcon_core.task.python.build:Building Python package in '/Users/ericchen/Documents/GitHub/NeuraVac/ros2_ws/src/neuravac_dashboard'
[1.954s] INFO:colcon.colcon_core.shell:Skip shell extension 'powershell' for command environment: Not usable outside of PowerShell
[1.954s] DEBUG:colcon.colcon_core.shell:Skip shell extension 'dsv' for command environment
[2.056s] INFO:colcon.colcon_core.task.python.build:Building Python package in '/Users/ericchen/Documents/GitHub/NeuraVac/ros2_ws/src/neuravac_perception'
[2.056s] INFO:colcon.colcon_core.shell:Skip shell extension 'powershell' for command environment: Not usable outside of PowerShell
[2.056s] DEBUG:colcon.colcon_core.shell:Skip shell extension 'dsv' for command environment
[2.163s] INFO:colcon.colcon_core.task.python.build:Building Python package in '/Users/ericchen/Documents/GitHub/NeuraVac/ros2_ws/src/neuravac_planner'
[2.164s] INFO:colcon.colcon_core.shell:Skip shell extension 'powershell' for command environment: Not usable outside of PowerShell
[2.164s] DEBUG:colcon.colcon_core.shell:Skip shell extension 'dsv' for command environment
[2.270s] INFO:colcon.colcon_core.task.python.build:Building Python package in '/Users/ericchen/Documents/GitHub/NeuraVac/ros2_ws/src/neuravac_safety'
[2.270s] INFO:colcon.colcon_core.shell:Skip shell extension 'powershell' for command environment: Not usable outside of PowerShell
[2.270s] DEBUG:colcon.colcon_core.shell:Skip shell extension 'dsv' for command environment
[2.373s] INFO:colcon.colcon_core.task.python.build:Building Python package in '/Users/ericchen/Documents/GitHub/NeuraVac/ros2_ws/src/neuravac_semantic_map'
[2.374s] INFO:colcon.colcon_core.shell:Skip shell extension 'powershell' for command environment: Not usable outside of PowerShell
[2.374s] DEBUG:colcon.colcon_core.shell:Skip shell extension 'dsv' for command environment
[2.481s] INFO:colcon.colcon_core.task.python.build:Building Python package in '/Users/ericchen/Documents/GitHub/NeuraVac/ros2_ws/src/neuravac_world_model'
[2.481s] INFO:colcon.colcon_core.shell:Skip shell extension 'powershell' for command environment: Not usable outside of PowerShell
[2.481s] DEBUG:colcon.colcon_core.shell:Skip shell extension 'dsv' for command environment
[2.826s] DEBUG:colcon.colcon_core.task.python.build:Available setuptools commands: bdist, editable_wheel, build_scripts, develop, build_py, install_egg_info, setopt, rotate, easy_install, sdist, install_lib, clean, install_data, symlink_data, install_scripts, bdist_rpm, build_ext, alias, egg_info, saveopts, build, bdist_dumb, dist_info, install, build_clib, install_headers, bdist_egg, check, bdist_wheel
[2.851s] DEBUG:colcon.colcon_core.task.python.build:Available setuptools commands: bdist, editable_wheel, build_scripts, develop, build_py, install_egg_info, setopt, rotate, easy_install, sdist, install_lib, clean, install_data, symlink_data, install_scripts, bdist_rpm, build_ext, alias, egg_info, saveopts, build, bdist_dumb, dist_info, install, build_clib, install_headers, bdist_egg, check, bdist_wheel
[2.862s] DEBUG:colcon.colcon_core.task.python.build:Available setuptools commands: bdist, editable_wheel, build_scripts, develop, build_py, install_egg_info, setopt, rotate, easy_install, sdist, install_lib, clean, install_data, symlink_data, install_scripts, bdist_rpm, build_ext, alias, egg_info, saveopts, build, bdist_dumb, dist_info, install, build_clib, install_headers, bdist_egg, check, bdist_wheel
[2.868s] DEBUG:colcon.colcon_core.task.python.build:Available setuptools commands: bdist, editable_wheel, build_scripts, develop, build_py, install_egg_info, setopt, rotate, easy_install, sdist, install_lib, clean, install_data, symlink_data, install_scripts, bdist_rpm, build_ext, alias, egg_info, saveopts, build, bdist_dumb, dist_info, install, build_clib, install_headers, bdist_egg, check, bdist_wheel
[2.878s] DEBUG:colcon.colcon_core.task.python.build:Available setuptools commands: bdist, editable_wheel, build_scripts, develop, build_py, install_egg_info, setopt, rotate, easy_install, sdist, install_lib, clean, install_data, symlink_data, install_scripts, bdist_rpm, build_ext, alias, egg_info, saveopts, build, bdist_dumb, dist_info, install, build_clib, install_headers, bdist_egg, check, bdist_wheel
[2.885s] DEBUG:colcon.colcon_core.task.python.build:Available setuptools commands: bdist, editable_wheel, build_scripts, develop, build_py, install_egg_info, setopt, rotate, easy_install, sdist, install_lib, clean, install_data, symlink_data, install_scripts, bdist_rpm, build_ext, alias, egg_info, saveopts, build, bdist_dumb, dist_info, install, build_clib, install_headers, bdist_egg, check, bdist_wheel
[2.892s] DEBUG:colcon.colcon_core.task.python.build:Available setuptools commands: bdist, editable_wheel, build_scripts, develop, build_py, install_egg_info, setopt, rotate, easy_install, sdist, install_lib, clean, install_data, symlink_data, install_scripts, bdist_rpm, build_ext, alias, egg_info, saveopts, build, bdist_dumb, dist_info, install, build_clib, install_headers, bdist_egg, check, bdist_wheel
[2.897s] DEBUG:colcon.colcon_core.task.python.build:Available setuptools commands: bdist, editable_wheel, build_scripts, develop, build_py, install_egg_info, setopt, rotate, easy_install, sdist, install_lib, clean, install_data, symlink_data, install_scripts, bdist_rpm, build_ext, alias, egg_info, saveopts, build, bdist_dumb, dist_info, install, build_clib, install_headers, bdist_egg, check, bdist_wheel
[3.087s] DEBUG:colcon.colcon_core.task.python.build:Available setuptools 'develop' options: --verbose, --install-dir, --prefix, --multi-version, --find-links, --help, --allow-hosts, --always-unzip, --optimize, --always-copy, --editable, --no-deps, --site-dirs, --zip-ok, --record, --quiet, --index-url, --no-find-links, --no-user-cfg, --script-dir, --user, --upgrade, --local-snapshots-ok, --version, --dry-run, --exclude-scripts, --egg-path, --build-directory, --uninstall
[3.095s] DEBUG:colcon.colcon_core.event_handler.log_command:Invoking command in '/Users/ericchen/Documents/GitHub/NeuraVac/ros2_ws/build/neuravac_dashboard': AMENT_PREFIX_PATH=/Users/ericchen/Documents/GitHub/NeuraVac/ros2_ws/install/neuravac_base PYTHONPATH=/Users/ericchen/Documents/GitHub/NeuraVac/ros2_ws/build/neuravac_dashboard/prefix_override:/Users/ericchen/Documents/GitHub/NeuraVac/.venv/lib/python3.12/site-packages/colcon_core/task/python/colcon_distutils_commands:/Users/ericchen/Documents/GitHub/NeuraVac/ros2_ws/install/neuravac_dashboard/lib/python3.12/site-packages:/Users/ericchen/Documents/GitHub/NeuraVac/ros2_ws/build/neuravac_base:/Users/ericchen/Documents/GitHub/NeuraVac/ros2_ws/install/neuravac_base/lib/python3.12/site-packages SHLVL=2 _=/usr/bin/env /Users/ericchen/Documents/GitHub/NeuraVac/.venv/bin/python -W ignore:setup.py install is deprecated -W ignore:easy_install command is deprecated setup.py develop --editable --build-directory /Users/ericchen/Documents/GitHub/NeuraVac/ros2_ws/build/neuravac_dashboard/build --no-deps symlink_data
[3.095s] DEBUG:colcon.colcon_core.task.python.build:Available setuptools 'develop' options: --verbose, --install-dir, --prefix, --multi-version, --find-links, --help, --allow-hosts, --always-unzip, --optimize, --always-copy, --editable, --no-deps, --site-dirs, --zip-ok, --record, --quiet, --index-url, --no-find-links, --no-user-cfg, --script-dir, --user, --upgrade, --local-snapshots-ok, --version, --dry-run, --exclude-scripts, --egg-path, --build-directory, --uninstall
[3.103s] DEBUG:colcon.colcon_core.event_handler.log_command:Invoking command in '/Users/ericchen/Documents/GitHub/NeuraVac/ros2_ws/build/neuravac_perception': AMENT_PREFIX_PATH=/Users/ericchen/Documents/GitHub/NeuraVac/ros2_ws/install/neuravac_base PYTHONPATH=/Users/ericchen/Documents/GitHub/NeuraVac/ros2_ws/build/neuravac_perception/prefix_override:/Users/ericchen/Documents/GitHub/NeuraVac/.venv/lib/python3.12/site-packages/colcon_core/task/python/colcon_distutils_commands:/Users/ericchen/Documents/GitHub/NeuraVac/ros2_ws/install/neuravac_perception/lib/python3.12/site-packages:/Users/ericchen/Documents/GitHub/NeuraVac/ros2_ws/build/neuravac_base:/Users/ericchen/Documents/GitHub/NeuraVac/ros2_ws/install/neuravac_base/lib/python3.12/site-packages SHLVL=2 _=/usr/bin/env /Users/ericchen/Documents/GitHub/NeuraVac/.venv/bin/python -W ignore:setup.py install is deprecated -W ignore:easy_install command is deprecated setup.py develop --editable --build-directory /Users/ericchen/Documents/GitHub/NeuraVac/ros2_ws/build/neuravac_perception/build --no-deps symlink_data
[3.104s] DEBUG:colcon.colcon_core.task.python.build:Available setuptools 'develop' options: --verbose, --install-dir, --prefix, --multi-version, --find-links, --help, --allow-hosts, --always-unzip, --optimize, --always-copy, --editable, --no-deps, --site-dirs, --zip-ok, --record, --quiet, --index-url, --no-find-links, --no-user-cfg, --script-dir, --user, --upgrade, --local-snapshots-ok, --version, --dry-run, --exclude-scripts, --egg-path, --build-directory, --uninstall
[3.111s] DEBUG:colcon.colcon_core.event_handler.log_command:Invoking command in '/Users/ericchen/Documents/GitHub/NeuraVac/ros2_ws/build/neuravac_cleaning': AMENT_PREFIX_PATH=/Users/ericchen/Documents/GitHub/NeuraVac/ros2_ws/install/neuravac_base PYTHONPATH=/Users/ericchen/Documents/GitHub/NeuraVac/ros2_ws/build/neuravac_cleaning/prefix_override:/Users/ericchen/Documents/GitHub/NeuraVac/.venv/lib/python3.12/site-packages/colcon_core/task/python/colcon_distutils_commands:/Users/ericchen/Documents/GitHub/NeuraVac/ros2_ws/install/neuravac_cleaning/lib/python3.12/site-packages:/Users/ericchen/Documents/GitHub/NeuraVac/ros2_ws/build/neuravac_base:/Users/ericchen/Documents/GitHub/NeuraVac/ros2_ws/install/neuravac_base/lib/python3.12/site-packages SHLVL=2 _=/usr/bin/env /Users/ericchen/Documents/GitHub/NeuraVac/.venv/bin/python -W ignore:setup.py install is deprecated -W ignore:easy_install command is deprecated setup.py develop --editable --build-directory /Users/ericchen/Documents/GitHub/NeuraVac/ros2_ws/build/neuravac_cleaning/build --no-deps symlink_data
[3.113s] DEBUG:colcon.colcon_core.task.python.build:Available setuptools 'develop' options: --verbose, --install-dir, --prefix, --multi-version, --find-links, --help, --allow-hosts, --always-unzip, --optimize, --always-copy, --editable, --no-deps, --site-dirs, --zip-ok, --record, --quiet, --index-url, --no-find-links, --no-user-cfg, --script-dir, --user, --upgrade, --local-snapshots-ok, --version, --dry-run, --exclude-scripts, --egg-path, --build-directory, --uninstall
[3.119s] DEBUG:colcon.colcon_core.event_handler.log_command:Invoking command in '/Users/ericchen/Documents/GitHub/NeuraVac/ros2_ws/build/neuravac_cloud': AMENT_PREFIX_PATH=/Users/ericchen/Documents/GitHub/NeuraVac/ros2_ws/install/neuravac_base PYTHONPATH=/Users/ericchen/Documents/GitHub/NeuraVac/ros2_ws/build/neuravac_cloud/prefix_override:/Users/ericchen/Documents/GitHub/NeuraVac/.venv/lib/python3.12/site-packages/colcon_core/task/python/colcon_distutils_commands:/Users/ericchen/Documents/GitHub/NeuraVac/ros2_ws/install/neuravac_cloud/lib/python3.12/site-packages:/Users/ericchen/Documents/GitHub/NeuraVac/ros2_ws/build/neuravac_base:/Users/ericchen/Documents/GitHub/NeuraVac/ros2_ws/install/neuravac_base/lib/python3.12/site-packages SHLVL=2 _=/usr/bin/env /Users/ericchen/Documents/GitHub/NeuraVac/.venv/bin/python -W ignore:setup.py install is deprecated -W ignore:easy_install command is deprecated setup.py develop --editable --build-directory /Users/ericchen/Documents/GitHub/NeuraVac/ros2_ws/build/neuravac_cloud/build --no-deps symlink_data
[3.126s] DEBUG:colcon.colcon_core.task.python.build:Available setuptools 'develop' options: --verbose, --install-dir, --prefix, --multi-version, --find-links, --help, --allow-hosts, --always-unzip, --optimize, --always-copy, --editable, --no-deps, --site-dirs, --zip-ok, --record, --quiet, --index-url, --no-find-links, --no-user-cfg, --script-dir, --user, --upgrade, --local-snapshots-ok, --version, --dry-run, --exclude-scripts, --egg-path, --build-directory, --uninstall
[3.134s] DEBUG:colcon.colcon_core.task.python.build:Available setuptools 'develop' options: --verbose, --install-dir, --prefix, --multi-version, --find-links, --help, --allow-hosts, --always-unzip, --optimize, --always-copy, --editable, --no-deps, --site-dirs, --zip-ok, --record, --quiet, --index-url, --no-find-links, --no-user-cfg, --script-dir, --user, --upgrade, --local-snapshots-ok, --version, --dry-run, --exclude-scripts, --egg-path, --build-directory, --uninstall
[3.134s] DEBUG:colcon.colcon_core.event_handler.log_command:Invoking command in '/Users/ericchen/Documents/GitHub/NeuraVac/ros2_ws/build/neuravac_semantic_map': AMENT_PREFIX_PATH=/Users/ericchen/Documents/GitHub/NeuraVac/ros2_ws/install/neuravac_base PYTHONPATH=/Users/ericchen/Documents/GitHub/NeuraVac/ros2_ws/build/neuravac_semantic_map/prefix_override:/Users/ericchen/Documents/GitHub/NeuraVac/.venv/lib/python3.12/site-packages/colcon_core/task/python/colcon_distutils_commands:/Users/ericchen/Documents/GitHub/NeuraVac/ros2_ws/install/neuravac_semantic_map/lib/python3.12/site-packages:/Users/ericchen/Documents/GitHub/NeuraVac/ros2_ws/build/neuravac_base:/Users/ericchen/Documents/GitHub/NeuraVac/ros2_ws/install/neuravac_base/lib/python3.12/site-packages SHLVL=2 _=/usr/bin/env /Users/ericchen/Documents/GitHub/NeuraVac/.venv/bin/python -W ignore:setup.py install is deprecated -W ignore:easy_install command is deprecated setup.py develop --editable --build-directory /Users/ericchen/Documents/GitHub/NeuraVac/ros2_ws/build/neuravac_semantic_map/build --no-deps symlink_data
[3.139s] DEBUG:colcon.colcon_core.event_handler.log_command:Invoking command in '/Users/ericchen/Documents/GitHub/NeuraVac/ros2_ws/build/neuravac_planner': AMENT_PREFIX_PATH=/Users/ericchen/Documents/GitHub/NeuraVac/ros2_ws/install/neuravac_base PYTHONPATH=/Users/ericchen/Documents/GitHub/NeuraVac/ros2_ws/build/neuravac_planner/prefix_override:/Users/ericchen/Documents/GitHub/NeuraVac/.venv/lib/python3.12/site-packages/colcon_core/task/python/colcon_distutils_commands:/Users/ericchen/Documents/GitHub/NeuraVac/ros2_ws/install/neuravac_planner/lib/python3.12/site-packages:/Users/ericchen/Documents/GitHub/NeuraVac/ros2_ws/build/neuravac_base:/Users/ericchen/Documents/GitHub/NeuraVac/ros2_ws/install/neuravac_base/lib/python3.12/site-packages SHLVL=2 _=/usr/bin/env /Users/ericchen/Documents/GitHub/NeuraVac/.venv/bin/python -W ignore:setup.py install is deprecated -W ignore:easy_install command is deprecated setup.py develop --editable --build-directory /Users/ericchen/Documents/GitHub/NeuraVac/ros2_ws/build/neuravac_planner/build --no-deps symlink_data
[3.141s] DEBUG:colcon.colcon_core.task.python.build:Available setuptools 'develop' options: --verbose, --install-dir, --prefix, --multi-version, --find-links, --help, --allow-hosts, --always-unzip, --optimize, --always-copy, --editable, --no-deps, --site-dirs, --zip-ok, --record, --quiet, --index-url, --no-find-links, --no-user-cfg, --script-dir, --user, --upgrade, --local-snapshots-ok, --version, --dry-run, --exclude-scripts, --egg-path, --build-directory, --uninstall
[3.146s] DEBUG:colcon.colcon_core.event_handler.log_command:Invoking command in '/Users/ericchen/Documents/GitHub/NeuraVac/ros2_ws/build/neuravac_world_model': AMENT_PREFIX_PATH=/Users/ericchen/Documents/GitHub/NeuraVac/ros2_ws/install/neuravac_base PYTHONPATH=/Users/ericchen/Documents/GitHub/NeuraVac/ros2_ws/build/neuravac_world_model/prefix_override:/Users/ericchen/Documents/GitHub/NeuraVac/.venv/lib/python3.12/site-packages/colcon_core/task/python/colcon_distutils_commands:/Users/ericchen/Documents/GitHub/NeuraVac/ros2_ws/install/neuravac_world_model/lib/python3.12/site-packages:/Users/ericchen/Documents/GitHub/NeuraVac/ros2_ws/build/neuravac_base:/Users/ericchen/Documents/GitHub/NeuraVac/ros2_ws/install/neuravac_base/lib/python3.12/site-packages SHLVL=2 _=/usr/bin/env /Users/ericchen/Documents/GitHub/NeuraVac/.venv/bin/python -W ignore:setup.py install is deprecated -W ignore:easy_install command is deprecated setup.py develop --editable --build-directory /Users/ericchen/Documents/GitHub/NeuraVac/ros2_ws/build/neuravac_world_model/build --no-deps symlink_data
[3.151s] DEBUG:colcon.colcon_core.task.python.build:Available setuptools 'develop' options: --verbose, --install-dir, --prefix, --multi-version, --find-links, --help, --allow-hosts, --always-unzip, --optimize, --always-copy, --editable, --no-deps, --site-dirs, --zip-ok, --record, --quiet, --index-url, --no-find-links, --no-user-cfg, --script-dir, --user, --upgrade, --local-snapshots-ok, --version, --dry-run, --exclude-scripts, --egg-path, --build-directory, --uninstall
[3.155s] DEBUG:colcon.colcon_core.event_handler.log_command:Invoking command in '/Users/ericchen/Documents/GitHub/NeuraVac/ros2_ws/build/neuravac_safety': AMENT_PREFIX_PATH=/Users/ericchen/Documents/GitHub/NeuraVac/ros2_ws/install/neuravac_base PYTHONPATH=/Users/ericchen/Documents/GitHub/NeuraVac/ros2_ws/build/neuravac_safety/prefix_override:/Users/ericchen/Documents/GitHub/NeuraVac/.venv/lib/python3.12/site-packages/colcon_core/task/python/colcon_distutils_commands:/Users/ericchen/Documents/GitHub/NeuraVac/ros2_ws/install/neuravac_safety/lib/python3.12/site-packages:/Users/ericchen/Documents/GitHub/NeuraVac/ros2_ws/build/neuravac_base:/Users/ericchen/Documents/GitHub/NeuraVac/ros2_ws/install/neuravac_base/lib/python3.12/site-packages SHLVL=2 _=/usr/bin/env /Users/ericchen/Documents/GitHub/NeuraVac/.venv/bin/python -W ignore:setup.py install is deprecated -W ignore:easy_install command is deprecated setup.py develop --editable --build-directory /Users/ericchen/Documents/GitHub/NeuraVac/ros2_ws/build/neuravac_safety/build --no-deps symlink_data
[3.458s] Level 1:colcon.colcon_core.shell:create_environment_hook('neuravac_perception', 'pythonpath_develop')
[3.459s] INFO:colcon.colcon_core.shell:Creating environment hook '/Users/ericchen/Documents/GitHub/NeuraVac/ros2_ws/build/neuravac_perception/share/neuravac_perception/hook/pythonpath_develop.ps1'
[3.461s] DEBUG:colcon.colcon_core.event_handler.log_command:Invoked command in '/Users/ericchen/Documents/GitHub/NeuraVac/ros2_ws/build/neuravac_perception' returned '0': AMENT_PREFIX_PATH=/Users/ericchen/Documents/GitHub/NeuraVac/ros2_ws/install/neuravac_base PYTHONPATH=/Users/ericchen/Documents/GitHub/NeuraVac/ros2_ws/build/neuravac_perception/prefix_override:/Users/ericchen/Documents/GitHub/NeuraVac/.venv/lib/python3.12/site-packages/colcon_core/task/python/colcon_distutils_commands:/Users/ericchen/Documents/GitHub/NeuraVac/ros2_ws/install/neuravac_perception/lib/python3.12/site-packages:/Users/ericchen/Documents/GitHub/NeuraVac/ros2_ws/build/neuravac_base:/Users/ericchen/Documents/GitHub/NeuraVac/ros2_ws/install/neuravac_base/lib/python3.12/site-packages SHLVL=2 _=/usr/bin/env /Users/ericchen/Documents/GitHub/NeuraVac/.venv/bin/python -W ignore:setup.py install is deprecated -W ignore:easy_install command is deprecated setup.py develop --editable --build-directory /Users/ericchen/Documents/GitHub/NeuraVac/ros2_ws/build/neuravac_perception/build --no-deps symlink_data
[3.463s] INFO:colcon.colcon_core.shell:Creating environment descriptor '/Users/ericchen/Documents/GitHub/NeuraVac/ros2_ws/build/neuravac_perception/share/neuravac_perception/hook/pythonpath_develop.dsv'
[3.465s] INFO:colcon.colcon_core.shell:Creating environment hook '/Users/ericchen/Documents/GitHub/NeuraVac/ros2_ws/build/neuravac_perception/share/neuravac_perception/hook/pythonpath_develop.sh'
[3.466s] Level 1:colcon.colcon_core.environment:checking '/Users/ericchen/Documents/GitHub/NeuraVac/ros2_ws/install/neuravac_perception' for CMake module files
[3.467s] Level 1:colcon.colcon_core.environment:checking '/Users/ericchen/Documents/GitHub/NeuraVac/ros2_ws/install/neuravac_perception' for CMake config files
[3.468s] Level 1:colcon.colcon_core.environment:checking '/Users/ericchen/Documents/GitHub/NeuraVac/ros2_ws/install/neuravac_perception/lib'
[3.468s] Level 1:colcon.colcon_core.environment:checking '/Users/ericchen/Documents/GitHub/NeuraVac/ros2_ws/install/neuravac_perception/bin'
[3.468s] Level 1:colcon.colcon_core.environment:checking '/Users/ericchen/Documents/GitHub/NeuraVac/ros2_ws/install/neuravac_perception/lib/pkgconfig/neuravac_perception.pc'
[3.468s] Level 1:colcon.colcon_core.environment:checking '/Users/ericchen/Documents/GitHub/NeuraVac/ros2_ws/install/neuravac_perception/lib/python3.12/site-packages'
[3.468s] Level 1:colcon.colcon_core.shell:create_environment_hook('neuravac_perception', 'pythonpath')
[3.469s] INFO:colcon.colcon_core.shell:Creating environment hook '/Users/ericchen/Documents/GitHub/NeuraVac/ros2_ws/install/neuravac_perception/share/neuravac_perception/hook/pythonpath.ps1'
[3.471s] INFO:colcon.colcon_core.shell:Creating environment descriptor '/Users/ericchen/Documents/GitHub/NeuraVac/ros2_ws/install/neuravac_perception/share/neuravac_perception/hook/pythonpath.dsv'
[3.472s] INFO:colcon.colcon_core.shell:Creating environment hook '/Users/ericchen/Documents/GitHub/NeuraVac/ros2_ws/install/neuravac_perception/share/neuravac_perception/hook/pythonpath.sh'
[3.473s] Level 1:colcon.colcon_core.environment:checking '/Users/ericchen/Documents/GitHub/NeuraVac/ros2_ws/install/neuravac_perception/bin'
[3.473s] Level 1:colcon.colcon_core.environment:create_environment_scripts_only(neuravac_perception)
[3.473s] INFO:colcon.colcon_core.shell:Creating package script '/Users/ericchen/Documents/GitHub/NeuraVac/ros2_ws/install/neuravac_perception/share/neuravac_perception/package.ps1'
[3.474s] INFO:colcon.colcon_core.shell:Creating package descriptor '/Users/ericchen/Documents/GitHub/NeuraVac/ros2_ws/install/neuravac_perception/share/neuravac_perception/package.dsv'
[3.475s] INFO:colcon.colcon_core.shell:Creating package script '/Users/ericchen/Documents/GitHub/NeuraVac/ros2_ws/install/neuravac_perception/share/neuravac_perception/package.sh'
[3.476s] INFO:colcon.colcon_core.shell:Creating package script '/Users/ericchen/Documents/GitHub/NeuraVac/ros2_ws/install/neuravac_perception/share/neuravac_perception/package.bash'
[3.476s] INFO:colcon.colcon_core.shell:Creating package script '/Users/ericchen/Documents/GitHub/NeuraVac/ros2_ws/install/neuravac_perception/share/neuravac_perception/package.zsh'
[3.479s] Level 1:colcon.colcon_core.environment:create_file_with_runtime_dependencies(/Users/ericchen/Documents/GitHub/NeuraVac/ros2_ws/install/neuravac_perception/share/colcon-core/packages/neuravac_perception)
[3.480s] Level 1:colcon.colcon_core.shell:create_environment_hook('neuravac_dashboard', 'pythonpath_develop')
[3.481s] INFO:colcon.colcon_core.shell:Creating environment hook '/Users/ericchen/Documents/GitHub/NeuraVac/ros2_ws/build/neuravac_dashboard/share/neuravac_dashboard/hook/pythonpath_develop.ps1'
[3.483s] INFO:colcon.colcon_core.shell:Creating environment descriptor '/Users/ericchen/Documents/GitHub/NeuraVac/ros2_ws/build/neuravac_dashboard/share/neuravac_dashboard/hook/pythonpath_develop.dsv'
[3.484s] INFO:colcon.colcon_core.shell:Creating environment hook '/Users/ericchen/Documents/GitHub/NeuraVac/ros2_ws/build/neuravac_dashboard/share/neuravac_dashboard/hook/pythonpath_develop.sh'
[3.488s] Level 1:colcon.colcon_core.environment:checking '/Users/ericchen/Documents/GitHub/NeuraVac/ros2_ws/install/neuravac_dashboard' for CMake module files
[3.491s] DEBUG:colcon.colcon_core.event_handler.log_command:Invoked command in '/Users/ericchen/Documents/GitHub/NeuraVac/ros2_ws/build/neuravac_dashboard' returned '0': AMENT_PREFIX_PATH=/Users/ericchen/Documents/GitHub/NeuraVac/ros2_ws/install/neuravac_base PYTHONPATH=/Users/ericchen/Documents/GitHub/NeuraVac/ros2_ws/build/neuravac_dashboard/prefix_override:/Users/ericchen/Documents/GitHub/NeuraVac/.venv/lib/python3.12/site-packages/colcon_core/task/python/colcon_distutils_commands:/Users/ericchen/Documents/GitHub/NeuraVac/ros2_ws/install/neuravac_dashboard/lib/python3.12/site-packages:/Users/ericchen/Documents/GitHub/NeuraVac/ros2_ws/build/neuravac_base:/Users/ericchen/Documents/GitHub/NeuraVac/ros2_ws/install/neuravac_base/lib/python3.12/site-packages SHLVL=2 _=/usr/bin/env /Users/ericchen/Documents/GitHub/NeuraVac/.venv/bin/python -W ignore:setup.py install is deprecated -W ignore:easy_install command is deprecated setup.py develop --editable --build-directory /Users/ericchen/Documents/GitHub/NeuraVac/ros2_ws/build/neuravac_dashboard/build --no-deps symlink_data
[3.491s] Level 1:colcon.colcon_core.environment:checking '/Users/ericchen/Documents/GitHub/NeuraVac/ros2_ws/install/neuravac_dashboard' for CMake config files
[3.492s] Level 1:colcon.colcon_core.environment:checking '/Users/ericchen/Documents/GitHub/NeuraVac/ros2_ws/install/neuravac_dashboard/lib'
[3.492s] Level 1:colcon.colcon_core.environment:checking '/Users/ericchen/Documents/GitHub/NeuraVac/ros2_ws/install/neuravac_dashboard/bin'
[3.492s] Level 1:colcon.colcon_core.environment:checking '/Users/ericchen/Documents/GitHub/NeuraVac/ros2_ws/install/neuravac_dashboard/lib/pkgconfig/neuravac_dashboard.pc'
[3.493s] Level 1:colcon.colcon_core.environment:checking '/Users/ericchen/Documents/GitHub/NeuraVac/ros2_ws/install/neuravac_dashboard/lib/python3.12/site-packages'
[3.493s] Level 1:colcon.colcon_core.shell:create_environment_hook('neuravac_dashboard', 'pythonpath')
[3.493s] INFO:colcon.colcon_core.shell:Creating environment hook '/Users/ericchen/Documents/GitHub/NeuraVac/ros2_ws/install/neuravac_dashboard/share/neuravac_dashboard/hook/pythonpath.ps1'
[3.495s] INFO:colcon.colcon_core.shell:Creating environment descriptor '/Users/ericchen/Documents/GitHub/NeuraVac/ros2_ws/install/neuravac_dashboard/share/neuravac_dashboard/hook/pythonpath.dsv'
[3.495s] INFO:colcon.colcon_core.shell:Creating environment hook '/Users/ericchen/Documents/GitHub/NeuraVac/ros2_ws/install/neuravac_dashboard/share/neuravac_dashboard/hook/pythonpath.sh'
[3.496s] Level 1:colcon.colcon_core.environment:checking '/Users/ericchen/Documents/GitHub/NeuraVac/ros2_ws/install/neuravac_dashboard/bin'
[3.496s] Level 1:colcon.colcon_core.environment:create_environment_scripts_only(neuravac_dashboard)
[3.496s] INFO:colcon.colcon_core.shell:Creating package script '/Users/ericchen/Documents/GitHub/NeuraVac/ros2_ws/install/neuravac_dashboard/share/neuravac_dashboard/package.ps1'
[3.497s] INFO:colcon.colcon_core.shell:Creating package descriptor '/Users/ericchen/Documents/GitHub/NeuraVac/ros2_ws/install/neuravac_dashboard/share/neuravac_dashboard/package.dsv'
[3.497s] INFO:colcon.colcon_core.shell:Creating package script '/Users/ericchen/Documents/GitHub/NeuraVac/ros2_ws/install/neuravac_dashboard/share/neuravac_dashboard/package.sh'
[3.500s] INFO:colcon.colcon_core.shell:Creating package script '/Users/ericchen/Documents/GitHub/NeuraVac/ros2_ws/install/neuravac_dashboard/share/neuravac_dashboard/package.bash'
[3.500s] INFO:colcon.colcon_core.shell:Creating package script '/Users/ericchen/Documents/GitHub/NeuraVac/ros2_ws/install/neuravac_dashboard/share/neuravac_dashboard/package.zsh'
[3.501s] Level 1:colcon.colcon_core.environment:create_file_with_runtime_dependencies(/Users/ericchen/Documents/GitHub/NeuraVac/ros2_ws/install/neuravac_dashboard/share/colcon-core/packages/neuravac_dashboard)
[3.502s] Level 1:colcon.colcon_core.shell:create_environment_hook('neuravac_semantic_map', 'pythonpath_develop')
[3.502s] INFO:colcon.colcon_core.shell:Creating environment hook '/Users/ericchen/Documents/GitHub/NeuraVac/ros2_ws/build/neuravac_semantic_map/share/neuravac_semantic_map/hook/pythonpath_develop.ps1'
[3.504s] INFO:colcon.colcon_core.shell:Creating environment descriptor '/Users/ericchen/Documents/GitHub/NeuraVac/ros2_ws/build/neuravac_semantic_map/share/neuravac_semantic_map/hook/pythonpath_develop.dsv'
[3.504s] DEBUG:colcon.colcon_core.event_handler.log_command:Invoked command in '/Users/ericchen/Documents/GitHub/NeuraVac/ros2_ws/build/neuravac_semantic_map' returned '0': AMENT_PREFIX_PATH=/Users/ericchen/Documents/GitHub/NeuraVac/ros2_ws/install/neuravac_base PYTHONPATH=/Users/ericchen/Documents/GitHub/NeuraVac/ros2_ws/build/neuravac_semantic_map/prefix_override:/Users/ericchen/Documents/GitHub/NeuraVac/.venv/lib/python3.12/site-packages/colcon_core/task/python/colcon_distutils_commands:/Users/ericchen/Documents/GitHub/NeuraVac/ros2_ws/install/neuravac_semantic_map/lib/python3.12/site-packages:/Users/ericchen/Documents/GitHub/NeuraVac/ros2_ws/build/neuravac_base:/Users/ericchen/Documents/GitHub/NeuraVac/ros2_ws/install/neuravac_base/lib/python3.12/site-packages SHLVL=2 _=/usr/bin/env /Users/ericchen/Documents/GitHub/NeuraVac/.venv/bin/python -W ignore:setup.py install is deprecated -W ignore:easy_install command is deprecated setup.py develop --editable --build-directory /Users/ericchen/Documents/GitHub/NeuraVac/ros2_ws/build/neuravac_semantic_map/build --no-deps symlink_data
[3.505s] INFO:colcon.colcon_core.shell:Creating environment hook '/Users/ericchen/Documents/GitHub/NeuraVac/ros2_ws/build/neuravac_semantic_map/share/neuravac_semantic_map/hook/pythonpath_develop.sh'
[3.507s] Level 1:colcon.colcon_core.environment:checking '/Users/ericchen/Documents/GitHub/NeuraVac/ros2_ws/install/neuravac_semantic_map' for CMake module files
[3.508s] Level 1:colcon.colcon_core.environment:checking '/Users/ericchen/Documents/GitHub/NeuraVac/ros2_ws/install/neuravac_semantic_map' for CMake config files
[3.508s] Level 1:colcon.colcon_core.environment:checking '/Users/ericchen/Documents/GitHub/NeuraVac/ros2_ws/install/neuravac_semantic_map/lib'
[3.508s] Level 1:colcon.colcon_core.environment:checking '/Users/ericchen/Documents/GitHub/NeuraVac/ros2_ws/install/neuravac_semantic_map/bin'
[3.508s] Level 1:colcon.colcon_core.environment:checking '/Users/ericchen/Documents/GitHub/NeuraVac/ros2_ws/install/neuravac_semantic_map/lib/pkgconfig/neuravac_semantic_map.pc'
[3.508s] Level 1:colcon.colcon_core.environment:checking '/Users/ericchen/Documents/GitHub/NeuraVac/ros2_ws/install/neuravac_semantic_map/lib/python3.12/site-packages'
[3.509s] Level 1:colcon.colcon_core.shell:create_environment_hook('neuravac_semantic_map', 'pythonpath')
[3.509s] INFO:colcon.colcon_core.shell:Creating environment hook '/Users/ericchen/Documents/GitHub/NeuraVac/ros2_ws/install/neuravac_semantic_map/share/neuravac_semantic_map/hook/pythonpath.ps1'
[3.509s] INFO:colcon.colcon_core.shell:Creating environment descriptor '/Users/ericchen/Documents/GitHub/NeuraVac/ros2_ws/install/neuravac_semantic_map/share/neuravac_semantic_map/hook/pythonpath.dsv'
[3.510s] INFO:colcon.colcon_core.shell:Creating environment hook '/Users/ericchen/Documents/GitHub/NeuraVac/ros2_ws/install/neuravac_semantic_map/share/neuravac_semantic_map/hook/pythonpath.sh'
[3.510s] Level 1:colcon.colcon_core.environment:checking '/Users/ericchen/Documents/GitHub/NeuraVac/ros2_ws/install/neuravac_semantic_map/bin'
[3.510s] Level 1:colcon.colcon_core.environment:create_environment_scripts_only(neuravac_semantic_map)
[3.510s] INFO:colcon.colcon_core.shell:Creating package script '/Users/ericchen/Documents/GitHub/NeuraVac/ros2_ws/install/neuravac_semantic_map/share/neuravac_semantic_map/package.ps1'
[3.511s] INFO:colcon.colcon_core.shell:Creating package descriptor '/Users/ericchen/Documents/GitHub/NeuraVac/ros2_ws/install/neuravac_semantic_map/share/neuravac_semantic_map/package.dsv'
[3.512s] INFO:colcon.colcon_core.shell:Creating package script '/Users/ericchen/Documents/GitHub/NeuraVac/ros2_ws/install/neuravac_semantic_map/share/neuravac_semantic_map/package.sh'
[3.512s] INFO:colcon.colcon_core.shell:Creating package script '/Users/ericchen/Documents/GitHub/NeuraVac/ros2_ws/install/neuravac_semantic_map/share/neuravac_semantic_map/package.bash'
[3.512s] INFO:colcon.colcon_core.shell:Creating package script '/Users/ericchen/Documents/GitHub/NeuraVac/ros2_ws/install/neuravac_semantic_map/share/neuravac_semantic_map/package.zsh'
[3.513s] Level 1:colcon.colcon_core.environment:create_file_with_runtime_dependencies(/Users/ericchen/Documents/GitHub/NeuraVac/ros2_ws/install/neuravac_semantic_map/share/colcon-core/packages/neuravac_semantic_map)
[3.513s] Level 1:colcon.colcon_core.shell:create_environment_hook('neuravac_cloud', 'pythonpath_develop')
[3.513s] INFO:colcon.colcon_core.shell:Creating environment hook '/Users/ericchen/Documents/GitHub/NeuraVac/ros2_ws/build/neuravac_cloud/share/neuravac_cloud/hook/pythonpath_develop.ps1'
[3.514s] INFO:colcon.colcon_core.shell:Creating environment descriptor '/Users/ericchen/Documents/GitHub/NeuraVac/ros2_ws/build/neuravac_cloud/share/neuravac_cloud/hook/pythonpath_develop.dsv'
[3.514s] DEBUG:colcon.colcon_core.event_handler.log_command:Invoked command in '/Users/ericchen/Documents/GitHub/NeuraVac/ros2_ws/build/neuravac_cloud' returned '0': AMENT_PREFIX_PATH=/Users/ericchen/Documents/GitHub/NeuraVac/ros2_ws/install/neuravac_base PYTHONPATH=/Users/ericchen/Documents/GitHub/NeuraVac/ros2_ws/build/neuravac_cloud/prefix_override:/Users/ericchen/Documents/GitHub/NeuraVac/.venv/lib/python3.12/site-packages/colcon_core/task/python/colcon_distutils_commands:/Users/ericchen/Documents/GitHub/NeuraVac/ros2_ws/install/neuravac_cloud/lib/python3.12/site-packages:/Users/ericchen/Documents/GitHub/NeuraVac/ros2_ws/build/neuravac_base:/Users/ericchen/Documents/GitHub/NeuraVac/ros2_ws/install/neuravac_base/lib/python3.12/site-packages SHLVL=2 _=/usr/bin/env /Users/ericchen/Documents/GitHub/NeuraVac/.venv/bin/python -W ignore:setup.py install is deprecated -W ignore:easy_install command is deprecated setup.py develop --editable --build-directory /Users/ericchen/Documents/GitHub/NeuraVac/ros2_ws/build/neuravac_cloud/build --no-deps symlink_data
[3.514s] INFO:colcon.colcon_core.shell:Creating environment hook '/Users/ericchen/Documents/GitHub/NeuraVac/ros2_ws/build/neuravac_cloud/share/neuravac_cloud/hook/pythonpath_develop.sh'
[3.515s] Level 1:colcon.colcon_core.environment:checking '/Users/ericchen/Documents/GitHub/NeuraVac/ros2_ws/install/neuravac_cloud' for CMake module files
[3.515s] Level 1:colcon.colcon_core.environment:checking '/Users/ericchen/Documents/GitHub/NeuraVac/ros2_ws/install/neuravac_cloud' for CMake config files
[3.515s] Level 1:colcon.colcon_core.environment:checking '/Users/ericchen/Documents/GitHub/NeuraVac/ros2_ws/install/neuravac_cloud/lib'
[3.515s] Level 1:colcon.colcon_core.environment:checking '/Users/ericchen/Documents/GitHub/NeuraVac/ros2_ws/install/neuravac_cloud/bin'
[3.516s] Level 1:colcon.colcon_core.environment:checking '/Users/ericchen/Documents/GitHub/NeuraVac/ros2_ws/install/neuravac_cloud/lib/pkgconfig/neuravac_cloud.pc'
[3.516s] Level 1:colcon.colcon_core.environment:checking '/Users/ericchen/Documents/GitHub/NeuraVac/ros2_ws/install/neuravac_cloud/lib/python3.12/site-packages'
[3.516s] Level 1:colcon.colcon_core.shell:create_environment_hook('neuravac_cloud', 'pythonpath')
[3.516s] INFO:colcon.colcon_core.shell:Creating environment hook '/Users/ericchen/Documents/GitHub/NeuraVac/ros2_ws/install/neuravac_cloud/share/neuravac_cloud/hook/pythonpath.ps1'
[3.516s] INFO:colcon.colcon_core.shell:Creating environment descriptor '/Users/ericchen/Documents/GitHub/NeuraVac/ros2_ws/install/neuravac_cloud/share/neuravac_cloud/hook/pythonpath.dsv'
[3.517s] INFO:colcon.colcon_core.shell:Creating environment hook '/Users/ericchen/Documents/GitHub/NeuraVac/ros2_ws/install/neuravac_cloud/share/neuravac_cloud/hook/pythonpath.sh'
[3.517s] Level 1:colcon.colcon_core.environment:checking '/Users/ericchen/Documents/GitHub/NeuraVac/ros2_ws/install/neuravac_cloud/bin'
[3.517s] Level 1:colcon.colcon_core.environment:create_environment_scripts_only(neuravac_cloud)
[3.517s] INFO:colcon.colcon_core.shell:Creating package script '/Users/ericchen/Documents/GitHub/NeuraVac/ros2_ws/install/neuravac_cloud/share/neuravac_cloud/package.ps1'
[3.518s] INFO:colcon.colcon_core.shell:Creating package descriptor '/Users/ericchen/Documents/GitHub/NeuraVac/ros2_ws/install/neuravac_cloud/share/neuravac_cloud/package.dsv'
[3.518s] INFO:colcon.colcon_core.shell:Creating package script '/Users/ericchen/Documents/GitHub/NeuraVac/ros2_ws/install/neuravac_cloud/share/neuravac_cloud/package.sh'
[3.518s] INFO:colcon.colcon_core.shell:Creating package script '/Users/ericchen/Documents/GitHub/NeuraVac/ros2_ws/install/neuravac_cloud/share/neuravac_cloud/package.bash'
[3.519s] INFO:colcon.colcon_core.shell:Creating package script '/Users/ericchen/Documents/GitHub/NeuraVac/ros2_ws/install/neuravac_cloud/share/neuravac_cloud/package.zsh'
[3.519s] Level 1:colcon.colcon_core.environment:create_file_with_runtime_dependencies(/Users/ericchen/Documents/GitHub/NeuraVac/ros2_ws/install/neuravac_cloud/share/colcon-core/packages/neuravac_cloud)
[3.519s] Level 1:colcon.colcon_core.shell:create_environment_hook('neuravac_cleaning', 'pythonpath_develop')
[3.520s] INFO:colcon.colcon_core.shell:Creating environment hook '/Users/ericchen/Documents/GitHub/NeuraVac/ros2_ws/build/neuravac_cleaning/share/neuravac_cleaning/hook/pythonpath_develop.ps1'
[3.520s] DEBUG:colcon.colcon_core.event_handler.log_command:Invoked command in '/Users/ericchen/Documents/GitHub/NeuraVac/ros2_ws/build/neuravac_cleaning' returned '0': AMENT_PREFIX_PATH=/Users/ericchen/Documents/GitHub/NeuraVac/ros2_ws/install/neuravac_base PYTHONPATH=/Users/ericchen/Documents/GitHub/NeuraVac/ros2_ws/build/neuravac_cleaning/prefix_override:/Users/ericchen/Documents/GitHub/NeuraVac/.venv/lib/python3.12/site-packages/colcon_core/task/python/colcon_distutils_commands:/Users/ericchen/Documents/GitHub/NeuraVac/ros2_ws/install/neuravac_cleaning/lib/python3.12/site-packages:/Users/ericchen/Documents/GitHub/NeuraVac/ros2_ws/build/neuravac_base:/Users/ericchen/Documents/GitHub/NeuraVac/ros2_ws/install/neuravac_base/lib/python3.12/site-packages SHLVL=2 _=/usr/bin/env /Users/ericchen/Documents/GitHub/NeuraVac/.venv/bin/python -W ignore:setup.py install is deprecated -W ignore:easy_install command is deprecated setup.py develop --editable --build-directory /Users/ericchen/Documents/GitHub/NeuraVac/ros2_ws/build/neuravac_cleaning/build --no-deps symlink_data
[3.520s] INFO:colcon.colcon_core.shell:Creating environment descriptor '/Users/ericchen/Documents/GitHub/NeuraVac/ros2_ws/build/neuravac_cleaning/share/neuravac_cleaning/hook/pythonpath_develop.dsv'
[3.521s] INFO:colcon.colcon_core.shell:Creating environment hook '/Users/ericchen/Documents/GitHub/NeuraVac/ros2_ws/build/neuravac_cleaning/share/neuravac_cleaning/hook/pythonpath_develop.sh'
[3.522s] Level 1:colcon.colcon_core.environment:checking '/Users/ericchen/Documents/GitHub/NeuraVac/ros2_ws/install/neuravac_cleaning' for CMake module files
[3.522s] Level 1:colcon.colcon_core.environment:checking '/Users/ericchen/Documents/GitHub/NeuraVac/ros2_ws/install/neuravac_cleaning' for CMake config files
[3.522s] Level 1:colcon.colcon_core.environment:checking '/Users/ericchen/Documents/GitHub/NeuraVac/ros2_ws/install/neuravac_cleaning/lib'
[3.523s] Level 1:colcon.colcon_core.environment:checking '/Users/ericchen/Documents/GitHub/NeuraVac/ros2_ws/install/neuravac_cleaning/bin'
[3.523s] Level 1:colcon.colcon_core.environment:checking '/Users/ericchen/Documents/GitHub/NeuraVac/ros2_ws/install/neuravac_cleaning/lib/pkgconfig/neuravac_cleaning.pc'
[3.523s] Level 1:colcon.colcon_core.environment:checking '/Users/ericchen/Documents/GitHub/NeuraVac/ros2_ws/install/neuravac_cleaning/lib/python3.12/site-packages'
[3.523s] Level 1:colcon.colcon_core.shell:create_environment_hook('neuravac_cleaning', 'pythonpath')
[3.523s] INFO:colcon.colcon_core.shell:Creating environment hook '/Users/ericchen/Documents/GitHub/NeuraVac/ros2_ws/install/neuravac_cleaning/share/neuravac_cleaning/hook/pythonpath.ps1'
[3.524s] INFO:colcon.colcon_core.shell:Creating environment descriptor '/Users/ericchen/Documents/GitHub/NeuraVac/ros2_ws/install/neuravac_cleaning/share/neuravac_cleaning/hook/pythonpath.dsv'
[3.524s] INFO:colcon.colcon_core.shell:Creating environment hook '/Users/ericchen/Documents/GitHub/NeuraVac/ros2_ws/install/neuravac_cleaning/share/neuravac_cleaning/hook/pythonpath.sh'
[3.524s] Level 1:colcon.colcon_core.environment:checking '/Users/ericchen/Documents/GitHub/NeuraVac/ros2_ws/install/neuravac_cleaning/bin'
[3.524s] Level 1:colcon.colcon_core.environment:create_environment_scripts_only(neuravac_cleaning)
[3.525s] INFO:colcon.colcon_core.shell:Creating package script '/Users/ericchen/Documents/GitHub/NeuraVac/ros2_ws/install/neuravac_cleaning/share/neuravac_cleaning/package.ps1'
[3.525s] INFO:colcon.colcon_core.shell:Creating package descriptor '/Users/ericchen/Documents/GitHub/NeuraVac/ros2_ws/install/neuravac_cleaning/share/neuravac_cleaning/package.dsv'
[3.525s] INFO:colcon.colcon_core.shell:Creating package script '/Users/ericchen/Documents/GitHub/NeuraVac/ros2_ws/install/neuravac_cleaning/share/neuravac_cleaning/package.sh'
[3.526s] INFO:colcon.colcon_core.shell:Creating package script '/Users/ericchen/Documents/GitHub/NeuraVac/ros2_ws/install/neuravac_cleaning/share/neuravac_cleaning/package.bash'
[3.526s] INFO:colcon.colcon_core.shell:Creating package script '/Users/ericchen/Documents/GitHub/NeuraVac/ros2_ws/install/neuravac_cleaning/share/neuravac_cleaning/package.zsh'
[3.526s] Level 1:colcon.colcon_core.environment:create_file_with_runtime_dependencies(/Users/ericchen/Documents/GitHub/NeuraVac/ros2_ws/install/neuravac_cleaning/share/colcon-core/packages/neuravac_cleaning)
[3.527s] Level 1:colcon.colcon_core.shell:create_environment_hook('neuravac_world_model', 'pythonpath_develop')
[3.527s] INFO:colcon.colcon_core.shell:Creating environment hook '/Users/ericchen/Documents/GitHub/NeuraVac/ros2_ws/build/neuravac_world_model/share/neuravac_world_model/hook/pythonpath_develop.ps1'
[3.527s] DEBUG:colcon.colcon_core.event_handler.log_command:Invoked command in '/Users/ericchen/Documents/GitHub/NeuraVac/ros2_ws/build/neuravac_world_model' returned '0': AMENT_PREFIX_PATH=/Users/ericchen/Documents/GitHub/NeuraVac/ros2_ws/install/neuravac_base PYTHONPATH=/Users/ericchen/Documents/GitHub/NeuraVac/ros2_ws/build/neuravac_world_model/prefix_override:/Users/ericchen/Documents/GitHub/NeuraVac/.venv/lib/python3.12/site-packages/colcon_core/task/python/colcon_distutils_commands:/Users/ericchen/Documents/GitHub/NeuraVac/ros2_ws/install/neuravac_world_model/lib/python3.12/site-packages:/Users/ericchen/Documents/GitHub/NeuraVac/ros2_ws/build/neuravac_base:/Users/ericchen/Documents/GitHub/NeuraVac/ros2_ws/install/neuravac_base/lib/python3.12/site-packages SHLVL=2 _=/usr/bin/env /Users/ericchen/Documents/GitHub/NeuraVac/.venv/bin/python -W ignore:setup.py install is deprecated -W ignore:easy_install command is deprecated setup.py develop --editable --build-directory /Users/ericchen/Documents/GitHub/NeuraVac/ros2_ws/build/neuravac_world_model/build --no-deps symlink_data
[3.528s] INFO:colcon.colcon_core.shell:Creating environment descriptor '/Users/ericchen/Documents/GitHub/NeuraVac/ros2_ws/build/neuravac_world_model/share/neuravac_world_model/hook/pythonpath_develop.dsv'
[3.528s] INFO:colcon.colcon_core.shell:Creating environment hook '/Users/ericchen/Documents/GitHub/NeuraVac/ros2_ws/build/neuravac_world_model/share/neuravac_world_model/hook/pythonpath_develop.sh'
[3.529s] Level 1:colcon.colcon_core.environment:checking '/Users/ericchen/Documents/GitHub/NeuraVac/ros2_ws/install/neuravac_world_model' for CMake module files
[3.529s] Level 1:colcon.colcon_core.environment:checking '/Users/ericchen/Documents/GitHub/NeuraVac/ros2_ws/install/neuravac_world_model' for CMake config files
[3.529s] Level 1:colcon.colcon_core.environment:checking '/Users/ericchen/Documents/GitHub/NeuraVac/ros2_ws/install/neuravac_world_model/lib'
[3.529s] Level 1:colcon.colcon_core.environment:checking '/Users/ericchen/Documents/GitHub/NeuraVac/ros2_ws/install/neuravac_world_model/bin'
[3.529s] Level 1:colcon.colcon_core.environment:checking '/Users/ericchen/Documents/GitHub/NeuraVac/ros2_ws/install/neuravac_world_model/lib/pkgconfig/neuravac_world_model.pc'
[3.530s] Level 1:colcon.colcon_core.environment:checking '/Users/ericchen/Documents/GitHub/NeuraVac/ros2_ws/install/neuravac_world_model/lib/python3.12/site-packages'
[3.530s] Level 1:colcon.colcon_core.shell:create_environment_hook('neuravac_world_model', 'pythonpath')
[3.530s] INFO:colcon.colcon_core.shell:Creating environment hook '/Users/ericchen/Documents/GitHub/NeuraVac/ros2_ws/install/neuravac_world_model/share/neuravac_world_model/hook/pythonpath.ps1'
[3.530s] INFO:colcon.colcon_core.shell:Creating environment descriptor '/Users/ericchen/Documents/GitHub/NeuraVac/ros2_ws/install/neuravac_world_model/share/neuravac_world_model/hook/pythonpath.dsv'
[3.530s] INFO:colcon.colcon_core.shell:Creating environment hook '/Users/ericchen/Documents/GitHub/NeuraVac/ros2_ws/install/neuravac_world_model/share/neuravac_world_model/hook/pythonpath.sh'
[3.531s] Level 1:colcon.colcon_core.environment:checking '/Users/ericchen/Documents/GitHub/NeuraVac/ros2_ws/install/neuravac_world_model/bin'
[3.531s] Level 1:colcon.colcon_core.environment:create_environment_scripts_only(neuravac_world_model)
[3.531s] INFO:colcon.colcon_core.shell:Creating package script '/Users/ericchen/Documents/GitHub/NeuraVac/ros2_ws/install/neuravac_world_model/share/neuravac_world_model/package.ps1'
[3.531s] INFO:colcon.colcon_core.shell:Creating package descriptor '/Users/ericchen/Documents/GitHub/NeuraVac/ros2_ws/install/neuravac_world_model/share/neuravac_world_model/package.dsv'
[3.532s] INFO:colcon.colcon_core.shell:Creating package script '/Users/ericchen/Documents/GitHub/NeuraVac/ros2_ws/install/neuravac_world_model/share/neuravac_world_model/package.sh'
[3.533s] INFO:colcon.colcon_core.shell:Creating package script '/Users/ericchen/Documents/GitHub/NeuraVac/ros2_ws/install/neuravac_world_model/share/neuravac_world_model/package.bash'
[3.533s] INFO:colcon.colcon_core.shell:Creating package script '/Users/ericchen/Documents/GitHub/NeuraVac/ros2_ws/install/neuravac_world_model/share/neuravac_world_model/package.zsh'
[3.533s] Level 1:colcon.colcon_core.environment:create_file_with_runtime_dependencies(/Users/ericchen/Documents/GitHub/NeuraVac/ros2_ws/install/neuravac_world_model/share/colcon-core/packages/neuravac_world_model)
[3.533s] Level 1:colcon.colcon_core.shell:create_environment_hook('neuravac_planner', 'pythonpath_develop')
[3.533s] INFO:colcon.colcon_core.shell:Creating environment hook '/Users/ericchen/Documents/GitHub/NeuraVac/ros2_ws/build/neuravac_planner/share/neuravac_planner/hook/pythonpath_develop.ps1'
[3.534s] DEBUG:colcon.colcon_core.event_handler.log_command:Invoked command in '/Users/ericchen/Documents/GitHub/NeuraVac/ros2_ws/build/neuravac_planner' returned '0': AMENT_PREFIX_PATH=/Users/ericchen/Documents/GitHub/NeuraVac/ros2_ws/install/neuravac_base PYTHONPATH=/Users/ericchen/Documents/GitHub/NeuraVac/ros2_ws/build/neuravac_planner/prefix_override:/Users/ericchen/Documents/GitHub/NeuraVac/.venv/lib/python3.12/site-packages/colcon_core/task/python/colcon_distutils_commands:/Users/ericchen/Documents/GitHub/NeuraVac/ros2_ws/install/neuravac_planner/lib/python3.12/site-packages:/Users/ericchen/Documents/GitHub/NeuraVac/ros2_ws/build/neuravac_base:/Users/ericchen/Documents/GitHub/NeuraVac/ros2_ws/install/neuravac_base/lib/python3.12/site-packages SHLVL=2 _=/usr/bin/env /Users/ericchen/Documents/GitHub/NeuraVac/.venv/bin/python -W ignore:setup.py install is deprecated -W ignore:easy_install command is deprecated setup.py develop --editable --build-directory /Users/ericchen/Documents/GitHub/NeuraVac/ros2_ws/build/neuravac_planner/build --no-deps symlink_data
[3.534s] INFO:colcon.colcon_core.shell:Creating environment descriptor '/Users/ericchen/Documents/GitHub/NeuraVac/ros2_ws/build/neuravac_planner/share/neuravac_planner/hook/pythonpath_develop.dsv'
[3.535s] INFO:colcon.colcon_core.shell:Creating environment hook '/Users/ericchen/Documents/GitHub/NeuraVac/ros2_ws/build/neuravac_planner/share/neuravac_planner/hook/pythonpath_develop.sh'
[3.535s] Level 1:colcon.colcon_core.environment:checking '/Users/ericchen/Documents/GitHub/NeuraVac/ros2_ws/install/neuravac_planner' for CMake module files
[3.535s] Level 1:colcon.colcon_core.environment:checking '/Users/ericchen/Documents/GitHub/NeuraVac/ros2_ws/install/neuravac_planner' for CMake config files
[3.536s] Level 1:colcon.colcon_core.environment:checking '/Users/ericchen/Documents/GitHub/NeuraVac/ros2_ws/install/neuravac_planner/lib'
[3.536s] Level 1:colcon.colcon_core.environment:checking '/Users/ericchen/Documents/GitHub/NeuraVac/ros2_ws/install/neuravac_planner/bin'
[3.536s] Level 1:colcon.colcon_core.environment:checking '/Users/ericchen/Documents/GitHub/NeuraVac/ros2_ws/install/neuravac_planner/lib/pkgconfig/neuravac_planner.pc'
[3.536s] Level 1:colcon.colcon_core.environment:checking '/Users/ericchen/Documents/GitHub/NeuraVac/ros2_ws/install/neuravac_planner/lib/python3.12/site-packages'
[3.536s] Level 1:colcon.colcon_core.shell:create_environment_hook('neuravac_planner', 'pythonpath')
[3.536s] INFO:colcon.colcon_core.shell:Creating environment hook '/Users/ericchen/Documents/GitHub/NeuraVac/ros2_ws/install/neuravac_planner/share/neuravac_planner/hook/pythonpath.ps1'
[3.536s] INFO:colcon.colcon_core.shell:Creating environment descriptor '/Users/ericchen/Documents/GitHub/NeuraVac/ros2_ws/install/neuravac_planner/share/neuravac_planner/hook/pythonpath.dsv'
[3.537s] INFO:colcon.colcon_core.shell:Creating environment hook '/Users/ericchen/Documents/GitHub/NeuraVac/ros2_ws/install/neuravac_planner/share/neuravac_planner/hook/pythonpath.sh'
[3.537s] Level 1:colcon.colcon_core.environment:checking '/Users/ericchen/Documents/GitHub/NeuraVac/ros2_ws/install/neuravac_planner/bin'
[3.537s] Level 1:colcon.colcon_core.environment:create_environment_scripts_only(neuravac_planner)
[3.537s] INFO:colcon.colcon_core.shell:Creating package script '/Users/ericchen/Documents/GitHub/NeuraVac/ros2_ws/install/neuravac_planner/share/neuravac_planner/package.ps1'
[3.538s] INFO:colcon.colcon_core.shell:Creating package descriptor '/Users/ericchen/Documents/GitHub/NeuraVac/ros2_ws/install/neuravac_planner/share/neuravac_planner/package.dsv'
[3.538s] INFO:colcon.colcon_core.shell:Creating package script '/Users/ericchen/Documents/GitHub/NeuraVac/ros2_ws/install/neuravac_planner/share/neuravac_planner/package.sh'
[3.538s] INFO:colcon.colcon_core.shell:Creating package script '/Users/ericchen/Documents/GitHub/NeuraVac/ros2_ws/install/neuravac_planner/share/neuravac_planner/package.bash'
[3.539s] INFO:colcon.colcon_core.shell:Creating package script '/Users/ericchen/Documents/GitHub/NeuraVac/ros2_ws/install/neuravac_planner/share/neuravac_planner/package.zsh'
[3.539s] Level 1:colcon.colcon_core.environment:create_file_with_runtime_dependencies(/Users/ericchen/Documents/GitHub/NeuraVac/ros2_ws/install/neuravac_planner/share/colcon-core/packages/neuravac_planner)
[3.539s] Level 1:colcon.colcon_core.shell:create_environment_hook('neuravac_safety', 'pythonpath_develop')
[3.539s] INFO:colcon.colcon_core.shell:Creating environment hook '/Users/ericchen/Documents/GitHub/NeuraVac/ros2_ws/build/neuravac_safety/share/neuravac_safety/hook/pythonpath_develop.ps1'
[3.540s] DEBUG:colcon.colcon_core.event_handler.log_command:Invoked command in '/Users/ericchen/Documents/GitHub/NeuraVac/ros2_ws/build/neuravac_safety' returned '0': AMENT_PREFIX_PATH=/Users/ericchen/Documents/GitHub/NeuraVac/ros2_ws/install/neuravac_base PYTHONPATH=/Users/ericchen/Documents/GitHub/NeuraVac/ros2_ws/build/neuravac_safety/prefix_override:/Users/ericchen/Documents/GitHub/NeuraVac/.venv/lib/python3.12/site-packages/colcon_core/task/python/colcon_distutils_commands:/Users/ericchen/Documents/GitHub/NeuraVac/ros2_ws/install/neuravac_safety/lib/python3.12/site-packages:/Users/ericchen/Documents/GitHub/NeuraVac/ros2_ws/build/neuravac_base:/Users/ericchen/Documents/GitHub/NeuraVac/ros2_ws/install/neuravac_base/lib/python3.12/site-packages SHLVL=2 _=/usr/bin/env /Users/ericchen/Documents/GitHub/NeuraVac/.venv/bin/python -W ignore:setup.py install is deprecated -W ignore:easy_install command is deprecated setup.py develop --editable --build-directory /Users/ericchen/Documents/GitHub/NeuraVac/ros2_ws/build/neuravac_safety/build --no-deps symlink_data
[3.540s] INFO:colcon.colcon_core.shell:Creating environment descriptor '/Users/ericchen/Documents/GitHub/NeuraVac/ros2_ws/build/neuravac_safety/share/neuravac_safety/hook/pythonpath_develop.dsv'
[3.541s] INFO:colcon.colcon_core.shell:Creating environment hook '/Users/ericchen/Documents/GitHub/NeuraVac/ros2_ws/build/neuravac_safety/share/neuravac_safety/hook/pythonpath_develop.sh'
[3.541s] Level 1:colcon.colcon_core.environment:checking '/Users/ericchen/Documents/GitHub/NeuraVac/ros2_ws/install/neuravac_safety' for CMake module files
[3.542s] Level 1:colcon.colcon_core.environment:checking '/Users/ericchen/Documents/GitHub/NeuraVac/ros2_ws/install/neuravac_safety' for CMake config files
[3.542s] Level 1:colcon.colcon_core.environment:checking '/Users/ericchen/Documents/GitHub/NeuraVac/ros2_ws/install/neuravac_safety/lib'
[3.542s] Level 1:colcon.colcon_core.environment:checking '/Users/ericchen/Documents/GitHub/NeuraVac/ros2_ws/install/neuravac_safety/bin'
[3.542s] Level 1:colcon.colcon_core.environment:checking '/Users/ericchen/Documents/GitHub/NeuraVac/ros2_ws/install/neuravac_safety/lib/pkgconfig/neuravac_safety.pc'
[3.542s] Level 1:colcon.colcon_core.environment:checking '/Users/ericchen/Documents/GitHub/NeuraVac/ros2_ws/install/neuravac_safety/lib/python3.12/site-packages'
[3.542s] Level 1:colcon.colcon_core.shell:create_environment_hook('neuravac_safety', 'pythonpath')
[3.542s] INFO:colcon.colcon_core.shell:Creating environment hook '/Users/ericchen/Documents/GitHub/NeuraVac/ros2_ws/install/neuravac_safety/share/neuravac_safety/hook/pythonpath.ps1'
[3.543s] INFO:colcon.colcon_core.shell:Creating environment descriptor '/Users/ericchen/Documents/GitHub/NeuraVac/ros2_ws/install/neuravac_safety/share/neuravac_safety/hook/pythonpath.dsv'
[3.543s] INFO:colcon.colcon_core.shell:Creating environment hook '/Users/ericchen/Documents/GitHub/NeuraVac/ros2_ws/install/neuravac_safety/share/neuravac_safety/hook/pythonpath.sh'
[3.544s] Level 1:colcon.colcon_core.environment:checking '/Users/ericchen/Documents/GitHub/NeuraVac/ros2_ws/install/neuravac_safety/bin'
[3.544s] Level 1:colcon.colcon_core.environment:create_environment_scripts_only(neuravac_safety)
[3.544s] INFO:colcon.colcon_core.shell:Creating package script '/Users/ericchen/Documents/GitHub/NeuraVac/ros2_ws/install/neuravac_safety/share/neuravac_safety/package.ps1'
[3.544s] INFO:colcon.colcon_core.shell:Creating package descriptor '/Users/ericchen/Documents/GitHub/NeuraVac/ros2_ws/install/neuravac_safety/share/neuravac_safety/package.dsv'
[3.545s] INFO:colcon.colcon_core.shell:Creating package script '/Users/ericchen/Documents/GitHub/NeuraVac/ros2_ws/install/neuravac_safety/share/neuravac_safety/package.sh'
[3.545s] INFO:colcon.colcon_core.shell:Creating package script '/Users/ericchen/Documents/GitHub/NeuraVac/ros2_ws/install/neuravac_safety/share/neuravac_safety/package.bash'
[3.545s] INFO:colcon.colcon_core.shell:Creating package script '/Users/ericchen/Documents/GitHub/NeuraVac/ros2_ws/install/neuravac_safety/share/neuravac_safety/package.zsh'
[3.546s] Level 1:colcon.colcon_core.environment:create_file_with_runtime_dependencies(/Users/ericchen/Documents/GitHub/NeuraVac/ros2_ws/install/neuravac_safety/share/colcon-core/packages/neuravac_safety)
[3.546s] INFO:colcon.colcon_ros.task.ament_python.build:Building ROS package in '/Users/ericchen/Documents/GitHub/NeuraVac/ros2_ws/src/neuravac_bringup' with build type 'ament_python'
[3.546s] Level 1:colcon.colcon_core.shell:create_environment_hook('neuravac_bringup', 'ament_prefix_path')
[3.546s] INFO:colcon.colcon_core.shell:Creating environment hook '/Users/ericchen/Documents/GitHub/NeuraVac/ros2_ws/install/neuravac_bringup/share/neuravac_bringup/hook/ament_prefix_path.ps1'
[3.547s] INFO:colcon.colcon_core.shell:Creating environment descriptor '/Users/ericchen/Documents/GitHub/NeuraVac/ros2_ws/install/neuravac_bringup/share/neuravac_bringup/hook/ament_prefix_path.dsv'
[3.547s] INFO:colcon.colcon_core.shell:Creating environment hook '/Users/ericchen/Documents/GitHub/NeuraVac/ros2_ws/install/neuravac_bringup/share/neuravac_bringup/hook/ament_prefix_path.sh'
[3.548s] INFO:colcon.colcon_core.shell:Skip shell extension 'powershell' for command environment: Not usable outside of PowerShell
[3.548s] DEBUG:colcon.colcon_core.shell:Skip shell extension 'dsv' for command environment
[3.701s] INFO:colcon.colcon_core.task.python.build:Building Python package in '/Users/ericchen/Documents/GitHub/NeuraVac/ros2_ws/src/neuravac_bringup'
[3.702s] INFO:colcon.colcon_core.shell:Skip shell extension 'powershell' for command environment: Not usable outside of PowerShell
[3.702s] DEBUG:colcon.colcon_core.shell:Skip shell extension 'dsv' for command environment
[3.937s] DEBUG:colcon.colcon_core.task.python.build:Available setuptools commands: bdist, editable_wheel, build_scripts, develop, build_py, install_egg_info, setopt, rotate, easy_install, sdist, install_lib, clean, install_data, symlink_data, install_scripts, bdist_rpm, build_ext, alias, egg_info, saveopts, build, bdist_dumb, dist_info, install, build_clib, install_headers, bdist_egg, check, bdist_wheel
[4.074s] DEBUG:colcon.colcon_core.task.python.build:Available setuptools 'develop' options: --verbose, --install-dir, --prefix, --multi-version, --find-links, --help, --allow-hosts, --always-unzip, --optimize, --always-copy, --editable, --no-deps, --site-dirs, --zip-ok, --record, --quiet, --index-url, --no-find-links, --no-user-cfg, --script-dir, --user, --upgrade, --local-snapshots-ok, --version, --dry-run, --exclude-scripts, --egg-path, --build-directory, --uninstall
[4.079s] DEBUG:colcon.colcon_core.event_handler.log_command:Invoking command in '/Users/ericchen/Documents/GitHub/NeuraVac/ros2_ws/build/neuravac_bringup': AMENT_PREFIX_PATH=/Users/ericchen/Documents/GitHub/NeuraVac/ros2_ws/install/neuravac_world_model:/Users/ericchen/Documents/GitHub/NeuraVac/ros2_ws/install/neuravac_semantic_map:/Users/ericchen/Documents/GitHub/NeuraVac/ros2_ws/install/neuravac_safety:/Users/ericchen/Documents/GitHub/NeuraVac/ros2_ws/install/neuravac_planner:/Users/ericchen/Documents/GitHub/NeuraVac/ros2_ws/install/neuravac_perception:/Users/ericchen/Documents/GitHub/NeuraVac/ros2_ws/install/neuravac_dashboard:/Users/ericchen/Documents/GitHub/NeuraVac/ros2_ws/install/neuravac_cloud:/Users/ericchen/Documents/GitHub/NeuraVac/ros2_ws/install/neuravac_cleaning:/Users/ericchen/Documents/GitHub/NeuraVac/ros2_ws/install/neuravac_base PYTHONPATH=/Users/ericchen/Documents/GitHub/NeuraVac/ros2_ws/build/neuravac_bringup/prefix_override:/Users/ericchen/Documents/GitHub/NeuraVac/.venv/lib/python3.12/site-packages/colcon_core/task/python/colcon_distutils_commands:/Users/ericchen/Documents/GitHub/NeuraVac/ros2_ws/install/neuravac_bringup/lib/python3.12/site-packages:/Users/ericchen/Documents/GitHub/NeuraVac/ros2_ws/build/neuravac_world_model:/Users/ericchen/Documents/GitHub/NeuraVac/ros2_ws/install/neuravac_world_model/lib/python3.12/site-packages:/Users/ericchen/Documents/GitHub/NeuraVac/ros2_ws/build/neuravac_semantic_map:/Users/ericchen/Documents/GitHub/NeuraVac/ros2_ws/install/neuravac_semantic_map/lib/python3.12/site-packages:/Users/ericchen/Documents/GitHub/NeuraVac/ros2_ws/build/neuravac_safety:/Users/ericchen/Documents/GitHub/NeuraVac/ros2_ws/install/neuravac_safety/lib/python3.12/site-packages:/Users/ericchen/Documents/GitHub/NeuraVac/ros2_ws/build/neuravac_planner:/Users/ericchen/Documents/GitHub/NeuraVac/ros2_ws/install/neuravac_planner/lib/python3.12/site-packages:/Users/ericchen/Documents/GitHub/NeuraVac/ros2_ws/build/neuravac_perception:/Users/ericchen/Documents/GitHub/NeuraVac/ros2_ws/install/neuravac_perception/lib/python3.12/site-packages:/Users/ericchen/Documents/GitHub/NeuraVac/ros2_ws/build/neuravac_dashboard:/Users/ericchen/Documents/GitHub/NeuraVac/ros2_ws/install/neuravac_dashboard/lib/python3.12/site-packages:/Users/ericchen/Documents/GitHub/NeuraVac/ros2_ws/build/neuravac_cloud:/Users/ericchen/Documents/GitHub/NeuraVac/ros2_ws/install/neuravac_cloud/lib/python3.12/site-packages:/Users/ericchen/Documents/GitHub/NeuraVac/ros2_ws/build/neuravac_cleaning:/Users/ericchen/Documents/GitHub/NeuraVac/ros2_ws/install/neuravac_cleaning/lib/python3.12/site-packages:/Users/ericchen/Documents/GitHub/NeuraVac/ros2_ws/build/neuravac_base:/Users/ericchen/Documents/GitHub/NeuraVac/ros2_ws/install/neuravac_base/lib/python3.12/site-packages SHLVL=2 _=/usr/bin/env /Users/ericchen/Documents/GitHub/NeuraVac/.venv/bin/python -W ignore:setup.py install is deprecated -W ignore:easy_install command is deprecated setup.py develop --editable --build-directory /Users/ericchen/Documents/GitHub/NeuraVac/ros2_ws/build/neuravac_bringup/build --no-deps symlink_data
[4.292s] Level 1:colcon.colcon_core.shell:create_environment_hook('neuravac_bringup', 'pythonpath_develop')
[4.292s] INFO:colcon.colcon_core.shell:Creating environment hook '/Users/ericchen/Documents/GitHub/NeuraVac/ros2_ws/build/neuravac_bringup/share/neuravac_bringup/hook/pythonpath_develop.ps1'
[4.292s] DEBUG:colcon.colcon_core.event_handler.log_command:Invoked command in '/Users/ericchen/Documents/GitHub/NeuraVac/ros2_ws/build/neuravac_bringup' returned '0': AMENT_PREFIX_PATH=/Users/ericchen/Documents/GitHub/NeuraVac/ros2_ws/install/neuravac_world_model:/Users/ericchen/Documents/GitHub/NeuraVac/ros2_ws/install/neuravac_semantic_map:/Users/ericchen/Documents/GitHub/NeuraVac/ros2_ws/install/neuravac_safety:/Users/ericchen/Documents/GitHub/NeuraVac/ros2_ws/install/neuravac_planner:/Users/ericchen/Documents/GitHub/NeuraVac/ros2_ws/install/neuravac_perception:/Users/ericchen/Documents/GitHub/NeuraVac/ros2_ws/install/neuravac_dashboard:/Users/ericchen/Documents/GitHub/NeuraVac/ros2_ws/install/neuravac_cloud:/Users/ericchen/Documents/GitHub/NeuraVac/ros2_ws/install/neuravac_cleaning:/Users/ericchen/Documents/GitHub/NeuraVac/ros2_ws/install/neuravac_base PYTHONPATH=/Users/ericchen/Documents/GitHub/NeuraVac/ros2_ws/build/neuravac_bringup/prefix_override:/Users/ericchen/Documents/GitHub/NeuraVac/.venv/lib/python3.12/site-packages/colcon_core/task/python/colcon_distutils_commands:/Users/ericchen/Documents/GitHub/NeuraVac/ros2_ws/install/neuravac_bringup/lib/python3.12/site-packages:/Users/ericchen/Documents/GitHub/NeuraVac/ros2_ws/build/neuravac_world_model:/Users/ericchen/Documents/GitHub/NeuraVac/ros2_ws/install/neuravac_world_model/lib/python3.12/site-packages:/Users/ericchen/Documents/GitHub/NeuraVac/ros2_ws/build/neuravac_semantic_map:/Users/ericchen/Documents/GitHub/NeuraVac/ros2_ws/install/neuravac_semantic_map/lib/python3.12/site-packages:/Users/ericchen/Documents/GitHub/NeuraVac/ros2_ws/build/neuravac_safety:/Users/ericchen/Documents/GitHub/NeuraVac/ros2_ws/install/neuravac_safety/lib/python3.12/site-packages:/Users/ericchen/Documents/GitHub/NeuraVac/ros2_ws/build/neuravac_planner:/Users/ericchen/Documents/GitHub/NeuraVac/ros2_ws/install/neuravac_planner/lib/python3.12/site-packages:/Users/ericchen/Documents/GitHub/NeuraVac/ros2_ws/build/neuravac_perception:/Users/ericchen/Documents/GitHub/NeuraVac/ros2_ws/install/neuravac_perception/lib/python3.12/site-packages:/Users/ericchen/Documents/GitHub/NeuraVac/ros2_ws/build/neuravac_dashboard:/Users/ericchen/Documents/GitHub/NeuraVac/ros2_ws/install/neuravac_dashboard/lib/python3.12/site-packages:/Users/ericchen/Documents/GitHub/NeuraVac/ros2_ws/build/neuravac_cloud:/Users/ericchen/Documents/GitHub/NeuraVac/ros2_ws/install/neuravac_cloud/lib/python3.12/site-packages:/Users/ericchen/Documents/GitHub/NeuraVac/ros2_ws/build/neuravac_cleaning:/Users/ericchen/Documents/GitHub/NeuraVac/ros2_ws/install/neuravac_cleaning/lib/python3.12/site-packages:/Users/ericchen/Documents/GitHub/NeuraVac/ros2_ws/build/neuravac_base:/Users/ericchen/Documents/GitHub/NeuraVac/ros2_ws/install/neuravac_base/lib/python3.12/site-packages SHLVL=2 _=/usr/bin/env /Users/ericchen/Documents/GitHub/NeuraVac/.venv/bin/python -W ignore:setup.py install is deprecated -W ignore:easy_install command is deprecated setup.py develop --editable --build-directory /Users/ericchen/Documents/GitHub/NeuraVac/ros2_ws/build/neuravac_bringup/build --no-deps symlink_data
[4.293s] INFO:colcon.colcon_core.shell:Creating environment descriptor '/Users/ericchen/Documents/GitHub/NeuraVac/ros2_ws/build/neuravac_bringup/share/neuravac_bringup/hook/pythonpath_develop.dsv'
[4.293s] INFO:colcon.colcon_core.shell:Creating environment hook '/Users/ericchen/Documents/GitHub/NeuraVac/ros2_ws/build/neuravac_bringup/share/neuravac_bringup/hook/pythonpath_develop.sh'
[4.293s] Level 1:colcon.colcon_core.environment:checking '/Users/ericchen/Documents/GitHub/NeuraVac/ros2_ws/install/neuravac_bringup' for CMake module files
[4.294s] Level 1:colcon.colcon_core.environment:checking '/Users/ericchen/Documents/GitHub/NeuraVac/ros2_ws/install/neuravac_bringup' for CMake config files
[4.294s] Level 1:colcon.colcon_core.environment:checking '/Users/ericchen/Documents/GitHub/NeuraVac/ros2_ws/install/neuravac_bringup/lib'
[4.294s] Level 1:colcon.colcon_core.environment:checking '/Users/ericchen/Documents/GitHub/NeuraVac/ros2_ws/install/neuravac_bringup/bin'
[4.294s] Level 1:colcon.colcon_core.environment:checking '/Users/ericchen/Documents/GitHub/NeuraVac/ros2_ws/install/neuravac_bringup/lib/pkgconfig/neuravac_bringup.pc'
[4.295s] Level 1:colcon.colcon_core.environment:checking '/Users/ericchen/Documents/GitHub/NeuraVac/ros2_ws/install/neuravac_bringup/lib/python3.12/site-packages'
[4.295s] Level 1:colcon.colcon_core.shell:create_environment_hook('neuravac_bringup', 'pythonpath')
[4.295s] INFO:colcon.colcon_core.shell:Creating environment hook '/Users/ericchen/Documents/GitHub/NeuraVac/ros2_ws/install/neuravac_bringup/share/neuravac_bringup/hook/pythonpath.ps1'
[4.295s] INFO:colcon.colcon_core.shell:Creating environment descriptor '/Users/ericchen/Documents/GitHub/NeuraVac/ros2_ws/install/neuravac_bringup/share/neuravac_bringup/hook/pythonpath.dsv'
[4.295s] INFO:colcon.colcon_core.shell:Creating environment hook '/Users/ericchen/Documents/GitHub/NeuraVac/ros2_ws/install/neuravac_bringup/share/neuravac_bringup/hook/pythonpath.sh'
[4.296s] Level 1:colcon.colcon_core.environment:checking '/Users/ericchen/Documents/GitHub/NeuraVac/ros2_ws/install/neuravac_bringup/bin'
[4.296s] Level 1:colcon.colcon_core.environment:create_environment_scripts_only(neuravac_bringup)
[4.296s] INFO:colcon.colcon_core.shell:Creating package script '/Users/ericchen/Documents/GitHub/NeuraVac/ros2_ws/install/neuravac_bringup/share/neuravac_bringup/package.ps1'
[4.296s] INFO:colcon.colcon_core.shell:Creating package descriptor '/Users/ericchen/Documents/GitHub/NeuraVac/ros2_ws/install/neuravac_bringup/share/neuravac_bringup/package.dsv'
[4.297s] INFO:colcon.colcon_core.shell:Creating package script '/Users/ericchen/Documents/GitHub/NeuraVac/ros2_ws/install/neuravac_bringup/share/neuravac_bringup/package.sh'
[4.297s] INFO:colcon.colcon_core.shell:Creating package script '/Users/ericchen/Documents/GitHub/NeuraVac/ros2_ws/install/neuravac_bringup/share/neuravac_bringup/package.bash'
[4.297s] INFO:colcon.colcon_core.shell:Creating package script '/Users/ericchen/Documents/GitHub/NeuraVac/ros2_ws/install/neuravac_bringup/share/neuravac_bringup/package.zsh'
[4.298s] Level 1:colcon.colcon_core.environment:create_file_with_runtime_dependencies(/Users/ericchen/Documents/GitHub/NeuraVac/ros2_ws/install/neuravac_bringup/share/colcon-core/packages/neuravac_bringup)
[4.298s] DEBUG:colcon.colcon_parallel_executor.executor.parallel:closing loop
[4.298s] DEBUG:colcon.colcon_parallel_executor.executor.parallel:loop closed
[4.298s] DEBUG:colcon.colcon_parallel_executor.executor.parallel:run_until_complete finished with '0'
[4.298s] DEBUG:colcon.colcon_core.event_reactor:joining thread
[4.302s] INFO:colcon.colcon_core.plugin_system:Skipping extension 'colcon_notification.desktop_notification.notify2': 'notify2' not found
[4.302s] INFO:colcon.colcon_core.plugin_system:Skipping extension 'colcon_notification.desktop_notification.notify_send': Not used on non-Linux systems
[4.302s] INFO:colcon.colcon_core.plugin_system:Skipping extension 'colcon_notification.desktop_notification.win32': Not used on non-Windows systems
[4.302s] INFO:colcon.colcon_notification.desktop_notification:Sending desktop notification using 'terminal_notifier'
[4.399s] DEBUG:colcon.colcon_core.event_reactor:joined thread
[4.399s] INFO:colcon.colcon_core.shell:Creating prefix script '/Users/ericchen/Documents/GitHub/NeuraVac/ros2_ws/install/local_setup.ps1'
[4.400s] INFO:colcon.colcon_core.shell:Creating prefix util module '/Users/ericchen/Documents/GitHub/NeuraVac/ros2_ws/install/_local_setup_util_ps1.py'
[4.402s] INFO:colcon.colcon_core.shell:Creating prefix chain script '/Users/ericchen/Documents/GitHub/NeuraVac/ros2_ws/install/setup.ps1'
[4.402s] INFO:colcon.colcon_core.shell:Creating prefix script '/Users/ericchen/Documents/GitHub/NeuraVac/ros2_ws/install/local_setup.sh'
[4.403s] INFO:colcon.colcon_core.shell:Creating prefix util module '/Users/ericchen/Documents/GitHub/NeuraVac/ros2_ws/install/_local_setup_util_sh.py'
[4.403s] INFO:colcon.colcon_core.shell:Creating prefix chain script '/Users/ericchen/Documents/GitHub/NeuraVac/ros2_ws/install/setup.sh'
[4.404s] INFO:colcon.colcon_core.shell:Creating prefix script '/Users/ericchen/Documents/GitHub/NeuraVac/ros2_ws/install/local_setup.bash'
[4.405s] INFO:colcon.colcon_core.shell:Creating prefix chain script '/Users/ericchen/Documents/GitHub/NeuraVac/ros2_ws/install/setup.bash'
[4.405s] INFO:colcon.colcon_core.shell:Creating prefix script '/Users/ericchen/Documents/GitHub/NeuraVac/ros2_ws/install/local_setup.zsh'
[4.406s] INFO:colcon.colcon_core.shell:Creating prefix chain script '/Users/ericchen/Documents/GitHub/NeuraVac/ros2_ws/install/setup.zsh'
